time,power,VO2,cadence,lactate,rf,heart_rate,saturation
1,0,536.3,0,0.66967,9.6236,56,99
2,0,519.51,0,0.66933,10.084,56,99
3,0,502.72,0,0.669,10.545,56,99
4,0,485.92,0,0.66867,11.005,56,99
5,0,469.13,0,0.66833,11.466,56,99
6,0,452.34,0,0.668,11.927,56,99
7,0,435.55,0,0.66767,12.387,56,99
8,0,418.75,0,0.66733,12.848,56,99
9,0,489.72,0,0.667,13.358,55.5,99
10,0,560.68,0,0.66667,13.868,55,99
11,0,631.65,0,0.66633,14.378,54.5,99
12,0,702.61,0,0.666,14.888,54,99
13,0,508.28,0,0.66567,15.316,53.7,99
14,0,313.96,0,0.66533,15.744,53.3,99
15,0,119.63,0,0.665,16.173,53,99
16,0,218.01,0,0.66467,15.735,53.6,99
17,0,316.4,0,0.66433,15.298,54.2,99
18,0,414.78,0,0.664,14.861,54.8,99
19,0,513.16,0,0.66367,14.423,55.4,99
20,0,611.55,0,0.66333,13.986,56,99
21,0,544.46,0,0.663,13.281,55.5,99
22,0,477.38,0,0.66267,12.576,55,99
23,0,410.29,0,0.66233,11.871,54.5,99
24,0,343.21,0,0.662,11.166,54,99
25,0,276.12,0,0.66167,10.461,53.5,99
26,0,209.04,0,0.66133,9.7561,53,99
27,0,263.16,0,0.661,11.124,52.5,99
28,0,317.27,0,0.66067,12.492,52,99
29,0,371.39,0,0.66033,13.86,51.5,99
30,0,425.51,0,0.66,15.228,51,99
31,0,400.76,0,0.65967,14.426,50.7,99
32,0,376.02,0,0.65933,13.625,50.3,99
33,0,351.27,0,0.659,12.823,50,99
34,0,326.53,0,0.65867,12.021,49.7,99
35,0,301.78,0,0.65833,11.219,49.3,99
36,0,277.04,0,0.658,10.417,49,99
37,0,296.91,0,0.65767,12.409,48.7,99
38,0,316.78,0,0.65733,14.401,48.3,99
39,0,336.65,0,0.657,16.393,48,99
40,0,302.11,0,0.65667,15.444,48.2,99
41,0,267.57,0,0.65633,14.494,48.3,99
42,0,233.04,0,0.656,13.544,48.5,99
43,0,198.5,0,0.65567,12.595,48.7,99
44,0,163.96,0,0.65533,11.645,48.8,99
45,0,129.43,0,0.655,10.695,49,99
46,0,224.55,0,0.65467,11.4,49,99
47,0,319.68,0,0.65433,12.104,49,99
48,0,414.81,0,0.654,12.809,49,99
49,0,509.94,0,0.65367,13.514,49,99
50,0,519.17,0,0.65333,13.22,49.4,99
51,0,528.41,0,0.653,12.927,49.8,99
52,0,537.65,0,0.65267,12.634,50.2,99
53,0,546.88,0,0.65233,12.341,50.6,99
54,0,556.12,0,0.652,12.048,51,99
55,0,426.11,0,0.65167,13.25,51.3,99
56,0,296.1,0,0.65133,14.451,51.5,99
57,0,166.09,0,0.651,15.652,51.8,99
58,0,36.079,0,0.65067,16.854,52,99
59,0,61.934,0,0.65033,17.585,52.3,99
60,0,87.79,0,0.65,18.316,52.7,99
61,0,113.64,0,0.64967,19.048,53,99
62,0,164.98,0,0.64933,18.429,52.3,99
63,0,216.32,0,0.649,17.811,51.7,99
64,0,267.66,0,0.64867,17.192,51,99
65,0,442.46,0,0.64833,17.345,50.8,99
66,0,617.25,0,0.648,17.498,50.5,99
67,0,792.05,0,0.64767,17.651,50.3,99
68,0,966.84,0,0.64733,17.804,50,99
69,0,753.85,0,0.647,17.967,50.3,99
70,0,540.87,0,0.64667,18.13,50.7,99
71,0,327.88,0,0.64633,18.293,51,99
72,0,329.05,0,0.646,17.16,51.4,99
73,0,330.22,0,0.64567,16.028,51.8,99
74,0,331.39,0,0.64533,14.896,52.2,99
75,0,332.56,0,0.645,13.764,52.6,99
76,0,333.73,0,0.64467,12.632,53,99
77,0,344.92,0,0.64433,12.59,53.8,99
78,0,356.11,0,0.644,12.548,54.6,99
79,0,367.3,0,0.64367,12.506,55.4,99
80,0,378.48,0,0.64333,12.464,56.2,99
81,0,389.67,0,0.643,12.422,57,99
82,0,422.26,0,0.64267,13.213,56,99
83,0,454.84,0,0.64233,14.003,55,99
84,0,487.42,0,0.642,14.794,54,99
85,0,520.01,0,0.64167,15.584,53,99
86,0,483.65,0,0.64133,15.486,52.5,99
87,0,447.29,0,0.641,15.387,52,99
88,0,410.94,0,0.64067,15.289,51.5,99
89,0,374.58,0,0.64033,15.19,51,99
90,0,307.98,0,0.64,14.786,51,99
91,0,241.38,0,0.63967,14.382,51,99
92,0,174.77,0,0.63933,13.978,51,99
93,0,108.17,0,0.639,13.575,51,99
94,0,219.47,0,0.63867,14.268,50.8,99
95,0,330.76,0,0.63833,14.962,50.5,99
96,0,442.06,0,0.638,15.655,50.3,99
97,0,553.36,0,0.63767,16.349,50,99
98,0,424.37,0,0.63733,16.382,50.3,99
99,0,295.39,0,0.637,16.416,50.5,99
100,0,166.41,0,0.63667,16.45,50.8,99
101,0,37.421,0,0.63633,16.484,51,99
102,0,266.86,0,0.636,16.484,50.3,99
103,0,496.3,0,0.63567,16.484,49.7,99
104,0,725.74,0,0.63533,16.484,49,99
105,0,581.08,0,0.635,16.233,49,99
106,0,436.41,0,0.63467,15.981,49,99
107,0,291.75,0,0.63433,15.73,49,99
108,0,147.08,0,0.634,15.479,49,99
109,0,2.4149,0,0.63367,15.228,49,99
110,0,133.19,0,0.63333,14.252,49.3,99
111,0,263.97,0,0.633,13.275,49.5,99
112,0,394.75,0,0.63267,12.298,49.8,99
113,0,525.53,0,0.63233,11.321,50,99
114,0,492.14,0,0.632,13.553,50.3,99
115,0,458.75,0,0.63167,15.786,50.7,99
116,0,425.37,0,0.63133,18.018,51,99
117,0,498.4,0,0.631,19.054,52.3,99
118,0,571.42,0,0.63067,20.091,53.7,99
119,0,644.45,0,0.63033,21.127,55,99
120,0,546.14,0,0.63,20.131,54.5,99
121,0,447.83,0,0.62967,19.135,54,99
122,0,349.52,0,0.62933,18.139,53.5,99
123,0,251.2,0,0.629,17.143,53,99
124,0,206.06,0,0.62867,18.095,52.7,99
125,0,160.92,0,0.62833,19.048,52.3,99
126,0,115.77,0,0.628,20,52,99
127,0,173.27,0,0.62767,19.564,52,99
128,0,230.77,0,0.62733,19.128,52,99
129,0,288.26,0,0.627,18.692,52,99
130,0,390.65,0,0.62667,18.692,52,99
131,0,493.04,0,0.62633,18.692,52,99
132,0,595.43,0,0.626,18.692,52,99
133,0,570.08,0,0.62567,17.65,51.4,99
134,0,544.72,0,0.62533,16.608,50.8,99
135,0,519.36,0,0.625,15.567,50.2,99
136,0,494,0,0.62467,14.525,49.6,99
137,0,468.64,0,0.62433,13.483,49,99
138,0,421.65,0,0.624,14.529,49.7,99
139,0,374.66,0,0.62367,15.575,50.3,99
140,0,327.68,0,0.62333,16.62,51,99
141,0,347.6,0,0.623,16.302,52,99
142,0,367.52,0,0.62267,15.983,53,99
143,0,387.45,0,0.62233,15.664,54,99
144,0,407.37,0,0.622,15.345,55,99
145,0,333.21,0,0.62167,15.746,55,99
146,0,259.05,0,0.62133,16.147,55,99
147,0,184.89,0,0.621,16.548,55,99
148,0,110.74,0,0.62067,16.949,55,99
149,0,558.19,0,0.62033,19.925,54,99
150,0,1005.6,0,0.62,22.901,53,99
151,0,936.68,0,0.61967,21.098,53.2,99
152,0,867.73,0,0.61933,19.296,53.4,99
153,0,798.77,0,0.619,17.494,53.6,99
154,0,729.82,0,0.61867,15.691,53.8,99
155,0,660.86,0,0.61833,13.889,54,99
156,0,615.19,0,0.618,14.636,53,99
157,0,569.51,0,0.61767,15.382,52,99
158,0,523.83,0,0.61733,16.129,51,99
159,0,531.65,0,0.617,16.275,51,99
160,0,539.48,0,0.61667,16.421,51,99
161,0,547.3,0,0.61633,16.567,51,99
162,0,555.13,0,0.616,16.713,51,99
163,0,536.04,0,0.61567,16.073,52.5,99
164,0,516.95,0,0.61533,15.432,54,99
165,0,497.87,0,0.615,14.791,55.5,99
166,0,478.78,0,0.61467,14.151,57,99
167,0,438.16,0,0.61433,13.665,56.4,99
168,0,397.54,0,0.614,13.178,55.8,99
169,0,356.92,0,0.61367,12.692,55.2,99
170,0,316.3,0,0.61333,12.205,54.6,99
171,0,275.68,0,0.613,11.719,54,99
172,0,224.3,0,0.61267,11.875,53,99
173,0,172.92,0,0.61233,12.031,52,99
174,0,121.54,0,0.612,12.188,51,99
175,0,70.163,0,0.61167,12.344,50,99
176,0,18.784,0,0.61133,12.5,49,99
177,0,57.323,0,0.611,13.565,49,99
178,0,95.863,0,0.61067,14.63,49,99
179,0,134.4,0,0.61033,15.695,49,99
180,0,172.94,0,0.61,16.76,49,99
181,81,312.36,80,0.61217,17.252,48.7,99
182,94,451.78,82,0.61433,17.745,48.3,99
183,97,591.21,86,0.6165,18.237,48,99
184,97,724.93,86,0.61867,19.565,48,99
185,98,858.66,87,0.62083,20.894,48,99
186,99,992.39,87,0.623,22.222,48,99
187,100,938.47,88,0.62517,22.264,52,99
188,99,884.54,88,0.62733,22.305,56,99
189,99,984.47,88,0.6295,21.28,61.7,99
190,99,1084.4,88,0.63167,20.255,67.3,99
191,100,1184.3,88,0.63383,19.231,73,99
192,100,1176.7,89,0.636,17.827,75.2,99
193,100,1169,89,0.63817,16.424,77.3,99
194,99,1161.3,88,0.64033,15.021,79.5,99
195,98,1153.7,87,0.6425,13.617,81.7,99
196,98,1146,87,0.64467,12.214,83.8,99
197,100,1138.4,87,0.64683,10.811,86,99
198,100,1015.5,88,0.649,13.497,87.3,99
199,101,892.69,89,0.65117,16.182,88.7,99
200,102,769.86,90,0.65333,18.868,90,99
201,102,815.09,90,0.6555,22.708,90.5,99
202,101,860.32,89,0.65767,26.549,91,99
203,100,950.15,89,0.65983,24.388,91,99
204,102,1040,89,0.662,22.227,91,99
205,104,1129.8,90,0.66417,20.067,91,99
206,102,1208.3,90,0.66633,19.104,91.3,99
207,98,1286.7,88,0.6685,18.142,91.5,99
208,100,1365.2,87,0.67067,17.179,91.8,97
209,105,1443.6,89,0.67283,16.216,92,96
210,105,1386.1,91,0.675,17.477,93.3,94
211,104,1328.5,91,0.67717,18.739,94.7,93
212,104,1270.9,91,0.67933,20,96,93
213,104,1376.1,91,0.6815,20.476,97.7,93
214,105,1481.2,91,0.68367,20.952,99.3,93
215,106,1586.3,92,0.68583,21.429,101,93
216,107,1583.2,92,0.688,21.182,101.3,93
217,108,1580.2,93,0.69017,20.936,101.7,93
218,108,1577.1,93,0.69233,20.69,102,93
219,107,1579.5,92,0.6945,20.35,103,93
220,108,1582,92,0.69667,20.011,104,93
221,108,1584.5,92,0.69883,19.672,105,93
222,109,1550.7,93,0.701,18.717,105.3,95
223,108,1517,93,0.70317,17.762,105.7,97
224,106,1483.3,92,0.70533,16.807,106,99
225,106,1660.7,92,0.7075,18.197,106.7,99
226,107,1838.1,92,0.70967,19.588,107.3,99
227,106,2015.6,92,0.71183,20.979,108,99
228,105,2013.7,91,0.714,20.197,108.3,99
229,105,2011.7,91,0.71617,19.415,108.7,99
230,105,2009.8,91,0.71833,18.634,109,99
231,105,1941,91,0.7205,19.343,109.3,99
232,105,1872.2,91,0.72267,20.052,109.7,99
233,105,1803.4,91,0.72483,20.761,110,99
234,106,1894.1,91,0.727,20.785,110,99
235,107,1984.9,91,0.72917,20.809,110,99
236,107,2075.7,92,0.73133,20.833,110,99
237,107,2007.2,92,0.7335,20.49,110,99
238,107,1938.6,92,0.73567,20.146,110,99
239,108,1870.1,92,0.73783,19.802,110,99
240,107,1900,92,0.74,20.581,110,99
241,106,1929.9,92,0.74217,21.361,110,99
242,107,1959.8,92,0.74433,22.14,110,99
243,107,1944.1,92,0.7465,22.743,110.5,99
244,107,1928.4,92,0.74867,23.346,111,99
245,107,1932.7,92,0.75083,23.055,111,99
246,106,1937.1,92,0.753,22.763,111,99
247,106,1941.4,92,0.75517,22.472,111,99
248,105,1993.7,91,0.75733,22.557,111.3,99
249,105,2046,91,0.7595,22.642,111.7,99
250,105,2098.2,91,0.76167,22.727,112,99
251,104,2082.7,91,0.76383,21.977,112,99
252,103,2067.1,91,0.766,21.228,112,99
253,103,2051.5,90,0.76817,20.478,112,99
254,105,2072.1,91,0.77033,19.806,111.7,99
255,104,2092.7,91,0.7725,19.134,111.3,99
256,103,2113.4,90,0.77467,18.462,111,99
257,105,2085,90,0.77683,19.276,110.7,99
258,106,2056.5,91,0.779,20.091,110.3,99
259,106,2028.1,92,0.78117,20.906,110,99
260,106,2030.1,91,0.78333,20.168,109.7,99
261,105,2032,91,0.7855,19.43,109.3,99
262,103,2033.9,90,0.78767,18.692,109,99
263,104,1992.9,90,0.78983,20.095,108.7,99
264,105,1951.9,91,0.792,21.498,108.3,99
265,103,1910.9,90,0.79417,22.901,108,99
266,103,1950,90,0.79633,22.001,108.3,99
267,105,1989.1,91,0.7985,21.102,108.7,99
268,104,2028.2,91,0.80067,20.202,109,99
269,103,1981.7,90,0.80283,20.341,109.7,99
270,102,1935.2,90,0.805,20.48,110.3,99
271,102,1888.7,89,0.80717,20.619,111,99
272,101,1805.5,89,0.80933,21.848,111,99
273,101,1722.4,89,0.8115,23.077,111,99
274,101,1955.4,89,0.81367,21.878,110.7,99
275,103,2188.4,90,0.81583,20.679,110.3,99
276,105,2421.4,91,0.818,19.481,110,99
277,105,2272,91,0.82017,19.61,109.7,99
278,105,2122.6,91,0.82233,19.739,109.3,99
279,105,1973.2,91,0.8245,19.868,109,99
280,105,1944.3,91,0.82667,21.509,109,99
281,106,1915.3,91,0.82883,23.151,109,99
282,108,1886.4,92,0.831,24.793,109,99
283,108,1896.1,93,0.83317,23.309,109.3,99
284,107,1905.9,92,0.83533,21.824,109.7,99
285,107,1915.7,92,0.8375,20.339,110,99
286,105,1788.5,91,0.83967,21.322,110,99
287,104,1661.3,91,0.84183,22.305,110,99
288,105,1776.9,91,0.844,21.581,110.3,99
289,105,1892.6,91,0.84617,20.858,110.7,99
290,103,2008.2,91,0.84833,20.134,111,99
291,101,2066.1,90,0.8505,21.086,111.3,99
292,100,2124,89,0.85267,22.037,111.7,99
293,101,2181.8,89,0.85483,22.989,112,99
294,102,2053.6,90,0.857,23.033,112.5,99
295,103,1925.3,90,0.85917,23.077,113,99
296,103,1928,91,0.86133,22.164,112.7,99
297,104,1930.8,91,0.8635,21.252,112.3,99
298,105,1933.5,91,0.86567,20.339,112,99
299,103,1923.3,91,0.86783,19.927,111.8,99
300,101,1913.1,89,0.87,19.515,111.5,99
301,101,1903,89,0.8695,19.103,111.3,99
302,101,1892.8,89,0.869,18.692,111,99
303,102,1962.6,89,0.8685,17.523,111.3,99
304,104,2032.4,90,0.868,16.355,111.5,99
305,107,2102.2,91,0.8675,15.187,111.8,99
306,107,2172,92,0.867,14.019,112,99
307,105,2001.9,91,0.8665,16.266,111,99
308,104,1831.9,91,0.866,18.514,110,99
309,104,1661.9,90,0.8655,20.761,109,99
310,103,1767.3,90,0.865,22.726,108.5,99
311,101,1872.7,90,0.8645,24.691,108,99
312,102,1860,90,0.864,24.304,107.7,99
313,104,1847.2,90,0.8635,23.917,107.3,99
314,105,1834.5,91,0.863,23.529,107,99
315,103,2022.4,90,0.8625,23.717,106,99
316,103,2210.2,90,0.862,23.904,105,98
317,106,2128.7,90,0.8615,23.873,105.3,98
318,110,2047.1,92,0.861,23.841,105.7,99
319,105,1965.5,92,0.8605,23.81,106,99
320,100,1940.2,90,0.86,23.199,105.3,99
321,100,1915,89,0.8595,22.589,104.7,99
322,101,1889.7,89,0.859,21.978,104,99
323,100,1944.1,89,0.8585,23.335,104,99
324,100,1998.5,89,0.858,24.691,104,99
325,101,1907.1,89,0.8575,24.742,103.5,99
326,102,1815.6,89,0.857,24.793,103,99
327,102,1807,90,0.8565,24.133,103.3,99
328,101,1798.5,89,0.856,23.474,103.7,99
329,101,1789.9,89,0.8555,22.814,104,99
330,101,1739.5,89,0.855,23.339,104,99
331,102,1689.1,89,0.8545,23.865,104,99
332,102,1638.8,90,0.854,24.39,104,99
333,102,1773.2,90,0.8535,24.44,104,99
334,101,1907.7,89,0.853,24.49,104,99
335,100,1922,88,0.8525,23.902,103.7,99
336,101,1936.3,89,0.852,23.315,103.3,99
337,101,1950.6,89,0.8515,22.727,103,99
338,102,1863.2,89,0.851,23.812,102.5,99
339,103,1775.8,89,0.8505,24.896,102,99
340,101,1962.8,89,0.85,24.845,101.5,99
341,99,2149.8,89,0.8495,24.793,101,99
342,99,2131.8,88,0.849,23.086,101,99
343,99,2113.9,88,0.8485,21.379,101,99
344,100,2095.9,88,0.848,19.672,101,99
345,101,2040.3,88,0.8475,20.691,101.7,99
346,102,1984.8,89,0.847,21.709,102.3,99
347,103,1929.2,90,0.8465,22.727,103,98
348,103,1832.2,90,0.846,22.559,102.7,99
349,102,1735.1,90,0.8455,22.391,102.3,99
350,101,1638.1,89,0.845,22.222,102,99
351,101,1677.5,89,0.8445,21.104,102,99
352,102,1717,89,0.844,19.986,102,99
353,102,1756.4,90,0.8435,18.868,102,99
354,103,1783.3,90,0.843,19.905,102.3,99
355,102,1810.2,90,0.8425,20.941,102.7,99
356,102,1837.1,90,0.842,21.978,103,99
357,102,1865.2,90,0.8415,21.409,103.3,99
358,102,1893.3,90,0.841,20.84,103.7,99
359,103,1921.4,90,0.8405,20.27,104,99
360,102,1851.6,90,0.84,20.581,103.7,99
361,101,1781.9,89,0.83933,20.891,103.3,99
362,100,1712.2,89,0.83867,21.201,103,99
363,101,1815.1,89,0.838,20.801,102.7,99
364,102,1918,89,0.83733,20.4,102.3,99
365,101,2020.8,89,0.83667,20,102,99
366,99,1994.1,88,0.836,19.869,102.3,99
367,100,1967.4,88,0.83533,19.739,102.7,99
368,101,1940.7,89,0.83467,19.608,103,99
369,101,1992,89,0.834,21.432,104,99
370,102,2043.4,90,0.83333,23.256,105,99
371,103,2038.6,90,0.83267,23.051,105,99
372,104,2033.8,90,0.832,22.846,105,99
373,106,2029,91,0.83133,22.642,105,99
374,105,1891.4,91,0.83067,22.859,104.5,99
375,104,1753.7,91,0.83,23.077,104,99
376,103,1736.3,90,0.82933,21.921,104.3,99
377,101,1718.8,90,0.82867,20.764,104.7,99
378,101,1701.4,89,0.828,19.608,105,99
379,101,1815,89,0.82733,20.535,106.3,99
380,101,1928.6,89,0.82667,21.461,107.7,99
381,100,2042.1,89,0.826,22.388,109,99
382,100,2077.7,88,0.82533,20.695,108.6,99
383,99,2113.3,88,0.82467,19.001,108.2,99
384,100,2148.9,88,0.824,17.308,107.8,99
385,100,2184.5,88,0.82333,15.614,107.4,99
386,100,2220.1,89,0.82267,13.921,107,98
387,100,1843.5,88,0.822,17.713,107.5,98
388,103,1467,89,0.82133,21.505,108,98
389,106,1671.9,90,0.82067,22.089,106.3,98
390,107,1876.8,91,0.82,22.672,104.7,98
391,108,2081.6,93,0.81933,23.256,103,98
392,108,2309.4,93,0.81867,24.559,103,98
393,105,2537.2,92,0.818,25.862,103,99
394,102,2416.5,90,0.81733,25.54,104.3,99
395,99,2295.8,89,0.81667,25.218,105.7,99
396,97,2175.1,87,0.816,24.896,107,99
397,96,2111.4,86,0.81533,25.549,109,99
398,97,2047.7,86,0.81467,26.201,111,99
399,98,1902.7,87,0.814,25.053,111,99
400,98,1757.7,87,0.81333,23.904,111,99
401,99,1825.4,87,0.81267,24.52,111,99
402,99,1893.1,88,0.812,25.136,111,99
403,99,1960.7,88,0.81133,25.751,111,99
404,98,1949.8,87,0.81067,26.328,111,99
405,97,1939,87,0.81,26.906,111,99
406,97,2003.1,86,0.80933,26.669,111,99
407,97,2067.2,86,0.80867,26.432,111,99
408,97,2052.1,86,0.808,26.729,111,99
409,100,2037,87,0.80733,27.027,111,99
410,103,1961.5,89,0.80667,27.027,111,99
411,103,1886.1,91,0.806,27.027,111,99
412,104,1810.6,91,0.80533,27.027,111,99
413,106,1882,91,0.80467,27.664,110.5,99
414,106,1953.3,91,0.804,28.302,110,99
415,107,1879.3,92,0.80333,27.787,109.5,99
416,108,1805.2,92,0.80267,27.273,109,99
417,110,1844,92,0.802,27.273,109,99
418,124,1882.8,97,0.80133,27.273,109,99
419,257,1942.5,103,0.80067,27.335,110,99
420,473,2002.2,112,0.8,27.397,111,99
421,639,2062.7,136,0.8185,26.633,111.3,99
422,717,2123.2,158,0.837,25.869,111.7,99
423,720,2183.7,160,0.8555,25.105,112,99
424,588,2033.7,159,0.874,25.264,112.5,99
425,358,1883.7,162,0.8925,25.424,113,99
426,226,1823.9,141,0.911,24.092,113.7,99
427,178,1764,119,0.9295,22.76,114.3,99
428,143,1704.2,116,0.948,21.429,115,99
429,121,1870.5,107,0.9665,22.297,116.5,99
430,113,2036.8,101,0.985,23.166,118,99
431,109,3011.1,98,1.0035,29.655,120.5,99
432,105,3985.5,97,1.022,36.145,123,99
433,103,3675.3,95,1.0405,32.924,125.5,99
434,104,3365,96,1.059,29.703,128,99
435,102,3152.1,95,1.0775,28.365,129,99
436,100,2939.2,93,1.096,27.027,130,99
437,100,2624,93,1.1145,24.491,132,99
438,99,2308.8,92,1.133,21.954,134,99
439,97,1993.6,92,1.1515,19.417,136,99
440,98,2155,92,1.17,20.977,136.3,99
441,98,2316.5,92,1.1885,22.537,136.7,99
442,99,2477.9,92,1.207,24.096,137,99
443,100,2676.5,93,1.2255,24.048,136,99
444,101,2875,94,1.244,24,135,99
445,100,2831.9,93,1.2625,24.475,134.3,99
446,98,2788.8,92,1.281,24.949,133.7,99
447,98,2745.8,92,1.2995,25.424,133,99
448,152,2648,93,1.318,25.058,132,99
449,299,2550.2,93,1.3365,24.691,131,99
450,506,2625.6,114,1.355,26.235,130.5,99
451,653,2701,145,1.3735,27.778,130,99
452,694,2857.8,156,1.392,27.528,129.7,99
453,698,3014.5,157,1.4105,27.277,129.3,99
454,572,3171.2,156,1.429,27.027,129,99
455,350,1448.6,161,1.4475,31.915,128,99
456,222,2273,138,1.466,38.514,128.5,99
457,169,3097.4,110,1.4845,45.113,129,99
458,122,2834.7,104,1.503,38.02,130,99
459,95,2572,93,1.5215,30.928,131,99
460,94,2442.7,91,1.54,34.483,132,99
461,98,3199,92,1.5585,36.849,133,99
462,97,3955.3,92,1.577,39.216,134,99
463,96,3853.5,91,1.5955,36.849,135,99
464,96,3751.7,91,1.614,34.483,136,99
465,96,3388,91,1.6325,32.02,136,99
466,97,3024.4,92,1.651,29.557,136,99
467,96,3089.8,91,1.6695,29.484,137.5,99
468,96,3155.2,91,1.688,29.412,139,99
469,98,3035.5,92,1.7065,29.631,139.5,99
470,99,2915.7,93,1.725,29.851,140,99
471,99,2924.6,93,1.7435,29.631,140,99
472,99,2933.4,92,1.762,29.412,140,99
473,99,2932.2,93,1.7805,29.412,140,99
474,100,2931,93,1.799,29.412,140,99
475,103,2744.4,94,1.8175,28.281,140,99
476,105,2557.8,95,1.836,27.149,140,99
477,103,3077.5,95,1.8545,28.726,139.5,99
478,159,3597.2,95,1.873,30.303,139,99
479,319,3400,103,1.8915,30.38,139,99
480,549,3202.7,129,1.91,30.457,139,99
481,693,3137.4,153,1.9543,30.08,139,99
482,708,3072.1,158,1.9987,29.703,139,99
483,687,3019.5,155,2.043,31.426,139,99
484,440,2966.8,152,2.0873,33.149,139,99
485,217,2661.8,144,2.1317,33.717,139,99
486,191,2356.8,119,2.176,34.286,139,98
487,139,3184.4,97,2.2203,38.217,141,98
488,106,3119.2,92,2.2647,41.006,141,98
489,94,3054,91,2.309,43.796,141,98
490,94,2981,90,2.3533,40.268,143,97
491,96,3247.3,91,2.3977,37.376,143.5,97
492,96,3513.5,91,2.442,34.483,144,97
493,96,3521,91,2.4863,34.993,144,97
494,98,3528.4,92,2.5307,35.503,144,97
495,96,3109.8,92,2.575,32.432,144,97
496,94,3169.9,91,2.6193,31.76,145,97
497,94,3230,90,2.6637,31.088,146,97
498,96,2999.1,91,2.708,28.477,146.3,97
499,97,2768.2,91,2.7523,25.867,146.7,98
500,97,2537.3,92,2.7967,23.256,147,98
501,96,2960.3,92,2.841,28.869,147,98
502,97,3383.3,92,2.8853,34.483,147,98
503,99,3344.2,92,2.9297,32.547,147,98
504,99,3305.2,92,2.974,30.612,147,99
505,100,3254.4,92,3.0183,31.746,145,99
506,101,3233.3,93,3.0627,31.58,145,99
507,105,3212.2,95,3.107,31.414,145,99
508,239,3350.4,99,3.1513,32.1,145,99
509,462,3488.7,111,3.1957,32.787,145,99
510,610,3308.7,133,3.24,31.393,144.5,99
511,682,3128.7,151,3.2843,30,144,99
512,683,3146.3,154,3.3287,31.76,144,99
513,639,3163.9,148,3.373,33.52,144,99
514,406,3163.8,143,3.4173,34.511,144,99
515,198,3163.7,140,3.4617,35.503,144,99
516,166,2975.4,115,3.506,34.286,144,99
517,126,2960.9,99,3.5503,37.277,145.5,99
518,108,2946.5,100,3.5947,40.268,147,99
519,101,3054.2,95,3.639,40.541,147,99
520,102,3494.4,93,3.6833,44.86,147,99
521,106,3934.6,95,3.7277,49.18,147,99
522,110,3821.1,98,3.772,46.875,147,99
523,111,3491.3,99,3.8163,41.619,147,99
524,110,3161.6,99,3.8607,36.364,147,99
525,108,3120.8,98,3.905,35.503,146,99
526,106,3157.2,96,3.9493,35.193,146.5,99
527,107,3193.6,96,3.9937,34.884,147,99
528,107,3283.8,96,4.038,33.067,147.5,99
529,105,3374.1,96,4.0823,31.25,148,99
530,104,3390.5,96,4.1267,30.118,148.5,99
531,105,3406.8,96,4.171,28.986,149,99
532,107,3202.5,96,4.2153,30.118,148.5,99
533,107,2998.1,97,4.2597,31.25,148,99
534,109,3120.7,97,4.304,32.109,147.5,99
535,110,3243.3,98,4.3483,32.967,147,99
536,114,3246.9,99,4.3927,30.976,147,99
537,123,3250.6,103,4.437,28.986,147,99
538,248,3294.1,105,4.4813,30.45,146.5,99
539,466,3337.6,109,4.5257,31.915,146,99
540,609,2944.4,131,4.57,27.676,146,99
541,663,2551.2,150,4.6088,23.438,146,99
542,654,3150.9,151,4.6477,29.683,146,99
543,519,3750.5,146,4.6865,35.928,146,99
544,309,3634.5,144,4.7253,37.975,145,99
545,199,2892.5,132,4.7642,37.855,145,99
546,159,2150.5,101,4.803,37.736,145,99
547,121,3737.2,88,4.8418,40.816,146,99
548,100,3690.9,90,4.8807,41.991,147,99
549,94,3644.6,90,4.9195,43.165,148,99
550,96,4017.2,90,4.9583,50.42,149,99
551,96,3834.8,91,4.9972,46.154,149,99
552,95,3794.2,91,5.036,45.465,149,99
553,98,3753.5,91,5.0748,44.776,149,99
554,100,3133.3,92,5.1137,35.294,148,99
555,98,3321.7,93,5.1525,34.693,148,99
556,96,3510.1,92,5.1913,34.091,148,99
557,96,3342.6,91,5.2302,33.088,149.5,99
558,97,3175.1,92,5.269,32.086,151,99
559,96,3312.5,92,5.3078,32.897,151,99
560,94,3449.9,90,5.3467,33.708,151,99
561,95,3271.3,90,5.3855,31.56,151,99
562,96,3092.7,91,5.4243,29.412,151,99
563,95,3268.9,91,5.4632,31.655,150,99
564,94,3445.1,90,5.502,33.898,149,98
565,95,3289.4,90,5.5408,35.503,148,98
566,96,3493.8,91,5.5797,34.894,148,98
567,103,3698.3,92,5.6185,34.286,148,98
568,339,3494.3,107,5.6573,32.294,148,98
569,599,3290.4,133,5.6962,30.303,148,98
570,651,3317.6,148,5.735,29.857,147.5,98
571,660,3344.8,150,5.7738,29.412,147,98
572,630,3331,147,5.8127,30.25,147,98
573,495,3317.2,141,5.8515,31.088,147,98
574,294,3086.2,142,5.8903,32.687,146.5,98
575,189,2855.2,119,5.9292,34.286,146,98
576,143,3485.8,78,5.968,38.961,147,98
577,101,3551.8,68,6.0068,40.314,148.5,98
578,87,3617.9,77,6.0457,41.667,150,98
579,90,3486.1,86,6.0845,43.478,150,98
580,93,3426.4,89,6.1233,42.429,150,98
581,94,3366.6,90,6.1622,41.379,150,98
582,96,4415,91,6.201,50,150,98
583,98,3682.9,92,6.2398,38.761,149.5,98
584,99,2950.9,92,6.2787,27.523,149,98
585,99,3555.6,93,6.3175,41.667,150,98
586,99,3327.4,93,6.3563,35.56,150.7,98
587,99,3099.2,92,6.3952,29.453,151.3,98
588,96,2871,92,6.434,23.346,152,98
589,97,3441,91,6.4728,29.014,152.5,99
590,98,4010.9,92,6.5117,34.682,153,99
591,96,3690,91,6.5505,33.898,153,99
592,95,3501.7,91,6.5893,34.191,152.5,99
593,96,3313.4,92,6.6282,34.483,152,99
594,96,3589.7,91,6.667,34.683,151,99
595,95,3866,91,6.7058,34.884,150,99
596,97,3709.1,91,6.7447,34.986,150.5,99
597,99,3552.2,92,6.7835,35.088,151,99
598,100,3339,92,6.8223,35.294,150,99
599,98,3443.6,92,6.8612,35.294,149.5,99
600,90,3548.1,90,6.9,35.294,149,99
601,86,3584.2,86,6.9192,35.94,148.5,99
602,84,3620.2,84,6.9383,36.585,148,99
603,83,3049.8,83,6.9575,29.966,147.5,99
604,83,2479.3,83,6.9767,23.346,147,99
605,83,3272.4,83,6.9958,31.673,146.5,98
606,89,4065.4,85,7.015,40,146,98
607,92,4089.6,89,7.0342,37.143,146,98
608,87,4113.7,87,7.0533,34.286,146,98
609,87,3184.4,85,7.0725,31.915,146,98
610,89,2915,87,7.0917,28.173,145.7,98
611,91,2645.6,88,7.1108,24.431,145.3,98
612,90,2376.2,88,7.13,20.69,145,98
613,89,3068.4,88,7.1492,28.096,144,98
614,89,3760.6,88,7.1683,35.503,143,98
615,90,3539.7,87,7.1875,33.376,143,98
616,90,3318.9,87,7.2067,31.25,143,98
617,91,3272,88,7.2258,31.582,141.5,98
618,92,3225.1,89,7.245,31.915,140,98
619,91,3183.4,89,7.2642,31.747,140,98
620,90,3141.6,88,7.2833,31.579,140,99
621,90,3007.6,88,7.3025,30.715,139,99
622,90,2873.5,88,7.3217,29.851,138,99
623,90,2992.3,87,7.3408,30.31,137.5,99
624,88,3111.1,87,7.36,30.769,137,99
625,88,2755.4,86,7.3792,27.362,136.3,99
626,88,2399.8,87,7.3983,23.955,135.7,99
627,89,2044.2,87,7.4175,20.548,135,99
628,89,3370.5,88,7.4367,33.52,133,99
629,90,3094,88,7.4558,31.611,133.5,99
630,91,2817.5,88,7.475,29.703,134,99
631,91,2886.7,88,7.4942,30.315,133.5,99
632,91,2955.9,88,7.5133,30.928,133,99
633,91,2949.9,88,7.5325,29.957,131.5,99
634,92,2943.9,88,7.5517,28.986,130,99
635,93,2790.4,89,7.5708,28.54,129.3,99
636,93,2637,90,7.59,28.095,128.7,99
637,92,2483.5,90,7.6092,27.65,128,99
638,90,2280.1,88,7.6283,24.134,127.5,99
639,89,2076.7,87,7.6475,20.619,127,99
640,90,2435.9,87,7.6667,25.235,127.5,99
641,91,2795.2,88,7.6858,29.851,128,99
642,92,2823.1,88,7.705,29.334,128,99
643,93,2851,89,7.7242,28.818,128,99
644,93,2878.9,90,7.7433,28.302,128,99
645,92,2689.8,89,7.7625,27.484,125.5,99
646,91,2500.8,89,7.7817,26.667,123,99
647,91,2496.4,88,7.8008,25.006,123,99
648,92,2492.1,88,7.82,23.346,123,99
649,90,2566.3,88,7.8392,26.379,123,99
650,92,2640.5,88,7.8583,29.412,123,99
651,93,2428,89,7.8775,26.751,122.7,99
652,95,2215.5,90,7.8967,24.09,122.3,99
653,95,2003,91,7.9158,21.429,122,99
654,93,2290.8,90,7.935,25.714,121.5,99
655,92,2578.6,89,7.9542,30,121,99
656,92,2557.9,89,7.9733,28.889,121.5,99
657,92,2537.2,89,7.9925,27.778,122,99
658,92,2731.8,89,8.0117,30.556,122,99
659,93,2926.3,89,8.0308,33.333,122,99
660,93,2846.7,89,8.05,32.709,122.5,99
661,93,2767.1,90,8.0578,32.086,123,99
662,93,2386.8,90,8.0657,27.884,123,99
663,94,2006.6,90,8.0735,23.682,123,99
664,95,1626.4,91,8.0813,19.481,123,99
665,95,2174.5,91,8.0892,24.969,121.5,99
666,96,2722.7,91,8.097,30.457,120,99
667,95,2703.6,91,8.1048,29.247,120,99
668,96,2684.4,91,8.1127,28.037,120,99
669,96,2442,91,8.1205,27.844,120,99
670,96,2199.5,91,8.1283,27.65,120,99
671,98,2258.7,92,8.1362,27.607,120,99
672,98,2317.8,92,8.144,27.565,120,99
673,98,2376.9,92,8.1518,27.523,120,99
674,99,2505.2,93,8.1597,29.068,120,99
675,100,2633.6,93,8.1675,30.612,120,99
676,100,2517.1,93,8.1753,30.381,119,99
677,101,2400.6,94,8.1832,30.151,118,99
678,101,2163.2,94,8.191,28.712,117.5,99
679,101,1925.9,94,8.1988,27.273,117,99
680,101,2171.6,94,8.2067,26.348,116.5,99
681,100,2417.4,93,8.2145,25.424,116,99
682,100,2203.6,93,8.2223,23.319,116.3,99
683,101,1989.9,93,8.2302,21.213,116.7,99
684,100,1776.1,93,8.238,19.108,117,99
685,100,2173.9,93,8.2458,23.253,117.5,99
686,99,2571.7,93,8.2537,27.397,118,99
687,99,2513.9,93,8.2615,28.021,118,99
688,98,2456.1,92,8.2693,28.645,118,99
689,97,2398.4,92,8.2772,29.268,118,99
690,97,2431.3,92,8.285,28.988,117,99
691,98,2464.2,92,8.2928,28.708,116,99
692,99,2380.9,92,8.3007,27.747,115.5,99
693,99,2297.5,93,8.3085,26.786,115,99
694,98,2279,92,8.3163,27.412,115.5,99
695,100,2260.5,93,8.3242,28.037,116,99
696,103,2195.5,94,8.332,26.571,115.5,99
697,100,2130.5,93,8.3398,25.105,115,99
698,96,2201.3,92,8.3477,25.786,114.7,99
699,97,2272.1,91,8.3555,26.468,114.3,99
700,100,2342.8,93,8.3633,27.149,114,99
701,101,2390.6,93,8.3712,28.726,113.5,99
702,101,2438.3,93,8.379,30.303,113,99
703,99,2251.1,93,8.3868,29.105,113.5,99
704,99,2063.8,92,8.3947,27.907,114,99
705,97,1942.7,92,8.4025,25.647,114.3,99
706,99,1821.6,92,8.4103,23.387,114.7,99
707,106,1700.5,95,8.4182,21.127,115,99
708,107,2184.6,97,8.426,23.897,114.5,99
709,99,2668.7,94,8.4338,26.667,114,99
710,95,2453.2,92,8.4417,25.679,113.5,99
711,94,2237.6,90,8.4495,24.691,113,99
712,94,2419.5,90,8.4573,25.119,113,99
713,96,2601.4,91,8.4652,25.546,113,99
714,99,2783.3,92,8.473,25.974,113,99
715,101,2582,93,8.4808,27.072,113,99
716,100,2380.7,94,8.4887,28.169,113,98
717,100,2236.9,93,8.4965,26.85,113.5,98
718,102,2093.2,94,8.5043,25.532,114,98
719,103,2139.6,95,8.5122,25.478,113.5,98
720,104,2186,95,8.52,25.424,113,98
721,105,2035.9,96,8.5197,23.443,112.3,98
722,105,1885.8,96,8.5193,21.462,111.7,98
723,105,1735.8,96,8.519,19.481,111,98
724,106,2165.4,96,8.5187,25.53,111.5,98
725,107,2595,96,8.5183,31.579,112,98
726,107,2557.8,97,8.518,30.789,112.5,98
727,106,2520.7,96,8.5177,30,113,98
728,106,2450.4,96,8.5173,29.259,113.3,99
729,106,2380.1,96,8.517,28.519,113.7,99
730,106,2309.8,96,8.5167,27.778,114,99
731,105,2217.7,95,8.5163,27.342,114,99
732,105,2125.6,95,8.516,26.906,114,99
733,107,2221.1,96,8.5157,27.089,114.5,99
734,107,2316.6,96,8.5153,27.273,115,99
735,106,2362.5,96,8.515,28.059,115,99
736,105,2408.4,96,8.5147,28.846,115,99
737,105,2362.2,96,8.5143,27.998,114.5,99
738,105,2316,96,8.514,27.149,114,99
739,106,2362.4,96,8.5137,27.464,114.5,99
740,107,2408.8,96,8.5133,27.778,115,99
741,106,2284,96,8.513,26.551,115,99
742,106,2159.1,96,8.5127,25.324,115,99
743,107,2034.3,96,8.5123,24.096,115,99
744,107,2225,97,8.512,24.76,114.5,99
745,107,2415.6,96,8.5117,25.424,114,99
746,104,2219.5,96,8.5113,23.507,114,99
747,102,2023.3,95,8.511,21.589,114,98
748,104,1827.2,95,8.5107,19.672,114,98
749,105,2201.5,95,8.5103,24.122,114,98
750,104,2575.8,95,8.51,28.571,114,98
751,103,2572.6,95,8.5097,28.663,114,98
752,104,2569.4,95,8.5093,28.755,114,98
753,107,2566.2,96,8.509,28.846,114,98
754,108,2536.5,97,8.5087,27.876,114.5,98
755,108,2506.9,97,8.5083,26.906,115,98
756,108,2377.1,97,8.508,25.85,114.5,98
757,109,2247.3,98,8.5077,24.793,114,98
758,109,2190.9,98,8.5073,22.683,113,98
759,109,2134.5,98,8.507,20.572,112,98
760,108,2078,97,8.5067,18.462,111,98
761,106,2116.4,97,8.5063,21.877,110.7,98
762,105,2154.7,96,8.506,25.293,110.3,98
763,105,2193.1,96,8.5057,28.708,110,98
764,104,2247.1,95,8.5053,28.179,111.5,98
765,102,2301.2,95,8.505,27.65,113,98
766,102,2294.1,94,8.5047,27.158,113,98
767,103,2286.9,94,8.5043,26.667,113,98
768,105,2269.3,95,8.504,26.264,113.5,98
769,104,2251.7,96,8.5037,25.862,114,98
770,103,2292.3,95,8.5033,27.082,114,98
771,105,2332.8,95,8.503,28.302,114,98
772,106,2272.7,96,8.5027,28.235,113.5,98
773,104,2212.6,95,8.5023,28.169,113,98
774,101,2271.2,94,8.502,28.213,113,98
775,99,2329.9,93,8.5017,28.258,113,98
776,99,2388.5,92,8.5013,28.302,113,98
777,102,2305.7,93,8.501,27.138,113,98
778,104,2223,95,8.5007,25.974,113,98
779,103,2339.9,95,8.5003,26.38,113.5,98
780,103,2456.7,95,8.5,26.786,114,98
781,104,2444.5,95,8.4998,27.611,114,98
782,105,2432.3,95,8.4997,28.436,114,98
783,105,2347.7,96,8.4995,27.732,113,98
784,106,2263,96,8.4993,27.027,112,98
785,107,2188.8,96,8.4992,27.192,112,98
786,105,2114.7,96,8.499,27.358,112,98
787,105,2040.5,95,8.4988,27.523,112,98
788,107,1999.9,96,8.4987,25.256,113,98
789,107,1959.4,96,8.4985,22.989,114,98
790,107,1852.5,96,8.4983,25.848,114,98
791,108,1745.6,97,8.4982,28.708,114,98
792,107,2263.3,97,8.498,28.917,113,98
793,107,2780.9,97,8.4978,29.126,112,98
794,109,2691.7,97,8.4977,27.482,111.7,98
795,109,2602.5,98,8.4975,25.838,111.3,98
796,105,2513.4,96,8.4973,24.194,111,98
797,103,2503.3,95,8.4972,24.597,111.5,99
798,103,2493.3,95,8.497,25,112,99
799,103,2468,95,8.4968,25.325,112,99
800,105,2442.8,95,8.4967,25.649,112,98
801,105,2417.6,96,8.4965,25.974,112,98
802,104,2161.7,95,8.4963,23.852,112,98
803,103,1905.9,95,8.4962,21.73,112,98
804,103,1650.1,95,8.496,19.608,112,98
805,101,2089.3,94,8.4958,22.57,112,98
806,99,2528.4,93,8.4957,25.532,112,99
807,99,2605,93,8.4955,26.719,112.5,99
808,100,2681.5,93,8.4953,27.907,113,99
809,100,2416.9,93,8.4952,27.287,113,98
810,100,2152.3,93,8.495,26.667,113,98
811,101,2349.7,93,8.4948,27.967,112.5,98
812,103,2547.2,94,8.4947,29.268,112,98
813,103,2490.1,95,8.4945,29.634,111.5,98
814,103,2433,95,8.4943,30,111,98
815,105,2437.1,95,8.4942,29.569,111,98
816,106,2441.1,95,8.494,29.139,111,98
817,107,2445.2,96,8.4938,28.708,111,98
818,107,2410.3,96,8.4937,26.306,111.5,98
819,105,2375.4,96,8.4935,23.904,112,98
820,104,2340.4,96,8.4933,24.664,112.5,98
821,104,2305.3,95,8.4932,25.424,113,98
822,102,2115.8,95,8.493,23.775,112.7,98
823,101,1926.3,94,8.4928,22.126,112.3,98
824,100,1736.8,94,8.4927,20.478,112,98
825,100,2075,93,8.4925,24.593,112.5,98
826,104,2413.2,94,8.4923,28.708,113,98
827,109,2407,97,8.4922,28.573,113.7,98
828,110,2400.7,98,8.492,28.437,114.3,98
829,109,2394.5,98,8.4918,28.302,115,98
830,112,2489.2,99,8.4917,28.437,115,98
831,114,2583.9,100,8.4915,28.571,115,98
832,113,2614,100,8.4913,29.211,115,98
833,113,2644.1,99,8.4912,29.851,115,98
834,113,2425,100,8.491,29.851,115.5,98
835,123,2205.9,103,8.4908,29.851,116,98
836,280,2292.5,108,8.4907,30.154,117,98
837,542,2379,125,8.4905,30.457,118,98
838,715,2317.4,153,8.4903,30.304,118.5,98
839,778,2255.8,169,8.4902,30.151,119,98
840,778,2534.2,170,8.49,29.854,120,98
841,629,2812.6,166,8.4892,29.557,121,98
842,365,2632.7,159,8.4883,29.93,121.5,98
843,221,2452.8,144,8.4875,30.303,122,98
844,173,977.23,126,8.4867,33.898,122,98
845,130,1423.6,108,8.4858,31.949,123,98
846,105,1870,97,8.485,30,124,98
847,95,2022.8,93,8.4842,33.634,125.5,98
848,95,2175.7,91,8.4833,37.267,127,98
849,100,3073.6,93,8.4825,43.478,132,97
850,101,2870.4,94,8.4817,39.596,133,97
851,101,2667.1,94,8.4808,35.714,134,97
852,101,4271.4,94,8.48,45.113,134,97
853,101,3769.9,94,8.4792,41.075,134.5,97
854,100,3268.4,94,8.4783,37.037,135,97
855,99,3174.2,93,8.4775,34.823,136,97
856,102,3080,94,8.4767,32.609,137,97
857,104,2831,95,8.4758,29.315,138.7,97
858,103,2582.1,95,8.475,26.021,140.3,97
859,102,2333.1,94,8.4742,22.727,142,97
860,104,3128.5,95,8.4733,31.25,143,97
861,105,3257.1,95,8.4725,31.089,143,97
862,103,3385.6,95,8.4717,30.928,143,97
863,103,3410.3,95,8.4708,30.027,143,97
864,107,3435,96,8.47,29.126,143,97
865,252,3319.5,110,8.4692,30.27,141.5,97
866,503,3204,134,8.4683,31.414,140,97
867,629,3225.2,144,8.4675,32.281,140,97
868,662,3246.5,148,8.4667,33.149,140,97
869,679,3184.1,153,8.4658,32.617,140,97
870,668,3121.7,152,8.465,32.086,140,97
871,537,3031.1,148,8.4642,31.507,140,97
872,325,2940.4,150,8.4633,30.928,140,97
873,220,2876.8,143,8.4625,33.111,140,97
874,183,2813.1,110,8.4617,35.294,140,97
875,135,3587.1,93,8.4608,41.667,142,97
876,104,3186.2,96,8.46,48.78,142,97
877,96,3161.3,93,8.4592,46.449,142.5,97
878,98,3136.4,92,8.4583,44.118,143,97
879,98,3522.5,92,8.4575,44.444,143,97
880,98,3656.5,93,8.4567,48.387,144,97
881,101,3365.8,93,8.4558,43.801,144.5,97
882,102,3075.1,94,8.455,39.216,145,97
883,103,3922,95,8.4542,39.735,146,97
884,104,3552.6,95,8.4533,37.309,146.5,97
885,105,3183.2,96,8.4525,34.884,147,97
886,104,3189.6,95,8.4517,32.906,147.5,97
887,103,3196,95,8.4508,30.928,148,98
888,104,3230.9,95,8.45,31.947,149,98
889,105,3265.7,95,8.4492,32.967,150,98
890,104,3269.9,96,8.4483,32.028,150,98
891,105,3274.1,96,8.4475,31.088,150,98
892,107,3447.2,96,8.4467,31.937,149.5,98
893,110,3620.3,97,8.4458,32.787,149,98
894,112,3163.4,98,8.445,28.251,148.5,98
895,232,2706.4,100,8.4442,23.715,148,98
896,413,3233.1,106,8.4433,28.903,147.5,98
897,553,3759.8,127,8.4425,34.091,147,98
898,662,3644.2,149,8.4417,34.903,147,98
899,690,3528.5,156,8.4408,35.714,147,97
900,664,3504.3,153,8.44,36.145,147,97
901,522,3339,147,8.453,35.413,146.5,97
902,308,3173.7,142,8.466,34.682,146,97
903,188,3389.3,126,8.479,34.885,145.5,97
904,139,3604.9,98,8.492,35.088,145,97
905,109,3419.2,91,8.505,40.268,146,97
906,101,3775.1,94,8.518,48.387,146,98
907,101,3743.3,94,8.531,46.582,147.5,98
908,101,3711.4,94,8.544,44.776,149,98
909,102,3731.4,94,8.557,52.632,149,98
910,103,3161.8,94,8.57,48,149,98
911,105,4043.3,95,8.583,54.054,150,98
912,105,3974.8,96,8.596,48,152,98
913,106,3666.3,96,8.609,40.929,151.3,98
914,108,3357.7,97,8.622,33.857,150.7,98
915,110,3049.2,98,8.635,26.786,150,98
916,109,3361.1,98,8.648,41.667,151,98
917,108,3125.5,97,8.661,35.652,151.3,98
918,107,2889.9,97,8.674,29.637,151.7,98
919,107,2654.3,97,8.687,23.622,152,98
920,106,4016.7,97,8.7,38.462,153,98
921,104,4030.2,96,8.713,37.413,153,98
922,104,4043.7,95,8.726,36.364,153,98
923,105,3829.2,95,8.739,36.039,153,98
924,106,3614.7,96,8.752,35.714,153,98
925,357,3749.2,110,8.765,37.736,153,98
926,623,3531.4,135,8.778,34.575,152.5,98
927,657,3313.7,149,8.791,31.414,152,98
928,672,3483.5,153,8.804,33.999,152,98
929,641,3653.3,149,8.817,36.585,152,98
930,601,3855,142,8.83,35.088,151,98
931,390,3807.5,139,8.843,35.616,151.5,98
932,193,3759.9,135,8.856,36.145,152,98
933,172,3604.8,117,8.869,37.181,151.5,98
934,127,3449.6,91,8.882,38.217,151,98
935,105,3523.6,88,8.895,48.387,151,98
936,104,4072.2,94,8.908,53.571,151,98
937,105,3434.8,95,8.921,43.545,152.5,98
938,107,2797.5,96,8.934,33.52,154,98
939,109,4221.4,97,8.947,51.724,154,98
940,110,3726.7,98,8.96,49.587,156,98
941,111,4013.6,99,8.973,50,156,98
942,111,3757.9,99,8.986,45.833,156,98
943,110,3502.1,98,8.999,41.667,156,98
944,109,3145.8,98,9.012,33.078,156,98
945,108,2789.5,97,9.025,24.49,156,98
946,107,3524.9,96,9.038,31.6,157,98
947,110,4260.3,97,9.051,38.71,158,98
948,113,3762.4,99,9.064,37.267,160,98
949,112,3814.9,99,9.077,38.634,160,98
950,111,3867.4,99,9.09,40,160,98
951,113,4121.2,99,9.103,38.961,158,98
952,113,3931.6,100,9.116,38.589,158,98
953,115,3742,100,9.129,38.217,158,98
954,121,3687.2,102,9.142,38.096,158,98
955,257,3632.4,105,9.155,37.975,158,98
956,461,3376.3,115,9.168,32.086,158,98
957,585,3528.4,135,9.181,34.335,157.5,98
958,640,3680.5,147,9.194,36.585,157,98
959,619,3708.2,147,9.207,37.043,156.5,98
960,587,3735.9,141,9.22,37.5,156,98
961,387,3471.5,138,9.2482,34.707,156,98
962,187,3207.1,131,9.2763,31.915,156,99
963,155,3918.4,108,9.3045,37.5,156,99
964,118,3937.1,94,9.3327,39.583,155.5,99
965,102,3955.9,96,9.3608,41.667,155,99
966,100,3858.8,93,9.389,47.244,156,99
967,104,3617.7,94,9.4172,42.254,157,99
968,109,3827.6,97,9.4453,54.054,157,99
969,113,3798.4,99,9.4735,53.343,157.5,98
970,113,3769.2,100,9.5017,52.632,158,98
971,108,3302.2,98,9.5298,44.118,157,98
972,109,4070.6,97,9.558,52.174,157,98
973,110,3819.2,98,9.5862,46.221,157.5,97
974,110,3567.8,98,9.6143,40.268,158,97
975,112,3182.5,98,9.6425,33.01,157.5,97
976,115,2797.2,100,9.6707,25.751,157,98
977,114,4066.4,100,9.6988,41.958,157,98
978,112,4004.4,100,9.727,39.613,157.5,98
979,110,3942.4,99,9.7552,37.267,158,98
980,111,3775.1,98,9.7833,35.3,157.5,98
981,113,3607.9,99,9.8115,33.333,157,98
982,112,3718.2,99,9.8397,36.364,158,98
983,111,3736,98,9.8678,36.254,158,98
984,178,3753.7,99,9.896,36.145,158,98
985,353,3703.9,107,9.9242,35.118,157.5,98
986,542,3654.1,127,9.9523,34.091,157,98
987,652,3895.1,146,9.9805,36.364,156,98
988,665,3746.7,153,10.009,35.523,156,98
989,625,3598.3,147,10.037,34.682,156,98
990,482,3781.4,138,10.065,36.091,156,98
991,280,3964.6,136,10.093,37.5,156,98
992,179,3860.3,114,10.121,35.991,155,98
993,145,3756.1,90,10.149,34.483,154,98
994,110,3322.8,91,10.178,34.884,154,98
995,93,3240.9,91,10.206,36.429,154,98
996,91,3158.9,89,10.234,37.975,154,98
997,92,3684.5,89,10.262,44.118,154,98
998,93,3695.3,89,10.29,47.619,156,98
999,95,4128.5,90,10.319,50.837,156,98
1000,95,4561.7,91,10.347,54.054,156,98
1001,95,3315,91,10.375,38.71,157,98
1002,96,4041.6,91,10.403,47.244,156,98
1003,94,3756.6,91,10.431,41.479,156.5,98
1004,93,3471.5,90,10.459,35.714,157,98
1005,94,3220.9,90,10.488,31.653,157.3,98
1006,97,2970.4,91,10.516,27.591,157.7,98
1007,97,2719.8,92,10.544,23.529,158,98
1008,96,3741.5,91,10.572,33.52,159,98
1009,97,3870.7,91,10.6,34.407,158.5,98
1010,98,4000,92,10.628,35.294,158,98
1011,99,3857.7,92,10.657,34.407,158,98
1012,99,3715.4,92,10.685,33.52,158,98
1013,97,3666,93,10.713,32.385,157.5,98
1014,94,3616.7,91,10.741,31.25,157,98
1015,95,3734.3,90,10.769,32.292,157.5,98
1016,96,3851.8,91,10.797,33.333,158,98
1017,95,3574.3,91,10.825,32.086,156,98
1018,95,3702.4,90,10.854,34.225,155.5,98
1019,96,3830.6,90,10.882,36.364,155,98
1020,96,3495.2,91,10.91,31.935,154.3,98
1021,93,3159.8,91,10.909,27.506,153.7,98
1022,91,2824.5,89,10.908,23.077,153,98
1023,92,4002.9,89,10.907,37.267,153,98
1024,94,3967.9,89,10.906,36.177,153,98
1025,99,3932.8,91,10.905,35.088,153,98
1026,103,3907.3,94,10.904,36.062,152.5,97
1027,103,3881.8,94,10.903,37.037,152,97
1028,103,3615.5,94,10.902,33.825,151,98
1029,102,3349.3,94,10.901,30.612,150,98
1030,103,3626.3,94,10.9,35.503,149,98
1031,103,3647.4,94,10.899,37.106,148.5,98
1032,101,3668.5,94,10.898,38.71,148,97
1033,102,3207.7,94,10.897,34.133,147,97
1034,102,2747,94,10.896,29.557,146,97
1035,97,2864.6,93,10.895,31.632,145.5,97
1036,93,2982.2,91,10.894,33.708,145,97
1037,93,3499.5,90,10.893,33.708,144,97
1038,96,3145,92,10.892,29.514,143.3,97
1039,97,2790.5,92,10.891,25.32,142.7,97
1040,94,2436,91,10.89,21.127,142,97
1041,95,2880.4,91,10.889,28.21,141.5,97
1042,96,3324.9,91,10.888,35.294,141,97
1043,97,3344.2,92,10.887,34.407,140.5,97
1044,95,3363.5,91,10.886,33.52,140,97
1045,94,3514.2,90,10.885,36.364,138,97
1046,94,3208.5,90,10.884,34.848,137.5,97
1047,95,2902.7,90,10.883,33.333,137,97
1048,96,2941.6,91,10.882,36.147,136.5,97
1049,96,2980.4,91,10.881,38.961,136,97
1050,96,3106.1,91,10.88,37.267,135,97
1051,99,3125.2,92,10.879,36.598,134.5,97
1052,101,3144.4,93,10.878,35.928,134,97
1053,98,3023.3,93,10.877,34.724,133.5,96
1054,95,2902.1,91,10.876,33.52,133,96
1055,96,2765.8,91,10.875,32.467,133,96
1056,97,2629.6,91,10.874,31.414,133,96
1057,97,2773,92,10.873,32.85,132.5,96
1058,98,2916.4,92,10.872,34.286,132,97
1059,98,2429.7,92,10.871,28.092,130.5,98
1060,99,1943,92,10.87,21.898,129,98
1061,100,2425.5,93,10.869,27.342,129,98
1062,99,2908,93,10.868,32.787,129,98
1063,99,2941.5,92,10.867,33.734,130,98
1064,99,2975.1,93,10.866,34.682,131,98
1065,99,2879.6,93,10.865,33.825,131,98
1066,100,2784.2,93,10.864,32.967,131,98
1067,100,2622.3,93,10.863,31.262,130,98
1068,98,2460.5,93,10.862,29.557,130.5,98
1069,98,2450.9,92,10.861,28.667,129.9,98
1070,101,2441.4,93,10.86,27.778,129.5,98
1071,102,2508.9,94,10.859,28.382,129.5,98
1072,99,2576.4,93,10.858,28.986,129,98
1073,97,2401.2,92,10.857,26.126,128.7,97
1074,99,2226,92,10.856,23.267,128.9,97
1075,102,2050.8,94,10.855,20.408,128.6,97
1076,102,2339.1,95,10.854,25.356,128.1,98
1077,101,2627.5,94,10.853,30.303,128,98
1078,101,2634.2,94,10.852,28.665,127.5,98
1079,100,2640.9,93,10.851,27.027,126.7,98
1080,101,2546.8,93,10.85,28.665,126.5,98
1081,103,2452.7,94,10.843,30.303,126.1,98
1082,102,3057.3,94,10.835,44.444,125.7,98
1083,101,2924.2,94,10.828,44.281,125.5,97
1084,102,2791.1,94,10.821,44.118,125.3,97
1085,101,2489.3,94,10.813,36.984,125.8,97
1086,101,2187.5,94,10.806,29.851,124.9,97
1087,99,2343.9,93,10.799,30.154,124.7,97
1088,94,2500.3,92,10.791,30.457,124.9,97
1089,93,2491.5,89,10.784,34.682,124.5,97
1090,98,2439.6,91,10.777,34.008,123.9,97
1091,96,2387.7,92,10.769,33.333,123.3,97
1092,94,2333.9,91,10.762,31.445,123.6,97
1093,93,2280.1,90,10.755,29.557,123.3,97
1094,92,2087.9,89,10.747,26.53,123,97
1095,91,1895.6,89,10.74,23.504,122.8,97
1096,94,1703.4,89,10.733,20.478,122.5,97
1097,98,2279.9,91,10.725,26.813,121.6,97
1098,99,2856.5,93,10.718,33.149,121.9,97
1099,100,2833.1,93,10.711,34.222,121.3,97
1100,99,2809.6,93,10.703,35.294,121.7,97
1101,98,2631.1,93,10.696,33.354,121.5,97
1102,98,2452.5,93,10.689,31.414,121,97
1103,97,2542.3,92,10.681,31.171,120.1,97
1104,95,2632,91,10.674,30.928,120.8,97
1105,94,2543.8,91,10.667,30.098,120.3,97
1106,95,2455.6,91,10.659,29.268,119.4,97
1107,98,2595.5,92,10.652,34.286,120.1,97
1108,100,2220,93,10.645,31.636,119.3,97
1109,102,1844.5,94,10.637,28.986,118.8,97
1110,104,2001.3,95,10.63,29.799,118.6,97
1111,104,2158.1,95,10.623,30.612,119.2,97
1112,101,2253.6,94,10.615,30.012,118.2,97
1113,98,2349.1,93,10.608,29.412,117.9,97
1114,98,2375.5,92,10.601,29.857,118.2,97
1115,98,2401.9,92,10.593,30.303,118.3,97
1116,99,2595,93,10.586,30.777,117.4,97
1117,100,2788.1,93,10.579,31.25,117.7,97
1118,100,2677.4,93,10.571,29.924,116.9,97
1119,97,2566.7,92,10.564,28.598,117.1,97
1120,96,2456.1,92,10.557,27.273,116.9,97
1121,97,2403.8,92,10.549,27.273,116.8,97
1122,98,2351.5,92,10.542,27.273,116.1,97
1123,97,2310.9,92,10.535,24.848,116,97
1124,96,2270.3,91,10.527,22.424,116.3,97
1125,98,2229.7,92,10.52,20,115.5,97
1126,100,2201,93,10.513,23.699,115.7,97
1127,99,2172.4,92,10.505,27.397,115.7,97
1128,98,2244.1,92,10.498,27.397,115.1,97
1129,97,2315.8,91,10.491,27.397,114.8,97
1130,97,2459.5,91,10.483,29.324,115.3,97
1131,97,2603.1,91,10.476,31.25,115.1,97
1132,96,2413.8,92,10.469,29.2,114.8,97
1133,95,2224.5,91,10.461,27.149,114.2,97
1134,95,2283.8,91,10.454,26.364,114.3,97
1135,96,2343.1,91,10.447,25.579,114.7,97
1136,97,2402.4,91,10.439,24.793,113.9,97
1137,98,2193.6,91,10.432,25.055,114.2,97
1138,98,1984.9,92,10.425,25.316,114,97
1139,98,2137.5,92,10.417,26.357,113.3,97
1140,98,2290.1,92,10.41,27.397,113.4,97
1141,98,2270.4,92,10.401,26.775,113.5,97
1142,99,2250.6,92,10.393,26.154,113,97
1143,98,2230.8,93,10.384,25.532,112.6,97
1144,98,2428.2,92,10.375,25.866,112.7,97
1145,99,2625.5,92,10.367,26.201,112.9,97
1146,100,2401.9,92,10.358,27.119,113,97
1147,100,2178.2,93,10.349,28.037,112.8,97
1148,99,2056.6,93,10.341,26.127,112.4,97
1149,100,1935.1,93,10.332,24.216,112.5,97
1150,100,1813.6,93,10.323,22.305,111.9,97
1151,101,1867.3,93,10.315,23.397,112.4,97
1152,100,1921,93,10.306,24.49,112.3,97
1153,97,1989.9,93,10.297,22.656,112.1,97
1154,95,2058.8,91,10.289,20.821,112.2,97
1155,96,2127.7,91,10.28,18.987,111.5,97
1156,97,2244.1,91,10.271,20.755,111.5,97
1157,97,2360.6,92,10.263,22.523,111.9,97
1158,98,2477,92,10.254,24.291,111.7,97
1159,97,2272.5,92,10.245,22.444,111.7,97
1160,98,2068.1,92,10.237,20.597,111.2,97
1161,100,1863.6,93,10.228,18.75,111.4,97
1162,98,2369.9,93,10.219,25.95,111,97
1163,96,2876.1,92,10.211,33.149,110.6,97
1164,97,2636.7,91,10.202,32.791,111.2,97
1165,95,2397.4,91,10.193,32.432,110.8,97
1166,95,2440.7,90,10.185,30.57,110.2,97
1167,97,2484,91,10.176,28.708,111,97
1168,99,2473.9,92,10.167,30.312,111,97
1169,100,2463.8,93,10.159,31.915,110,97
1170,101,2304.8,94,10.15,30.883,110.1,97
1171,99,2145.9,93,10.141,29.851,110.6,97
1172,94,2168.8,91,10.133,29.705,110.5,97
1173,92,2191.7,90,10.124,29.56,110.3,97
1174,92,2214.7,89,10.115,29.414,110.6,96
1175,92,2237.6,89,10.107,29.268,109.8,96
1176,92,2173.8,89,10.098,27.735,110.5,96
1177,93,2109.9,89,10.089,26.201,110.2,96
1178,95,2222.4,90,10.081,28.026,109.9,96
1179,95,2334.8,91,10.072,29.851,109.9,96
1180,94,2217.5,91,10.063,28.879,109.6,96
1181,94,2100.2,91,10.055,27.907,109.6,96
1182,95,2077.1,91,10.046,24.777,109.9,96
1183,96,2054,91,10.037,21.648,109.9,96
1184,97,2030.9,92,10.029,18.519,110.2,96
1185,96,2049.4,91,10.02,21.004,109.8,96
1186,93,2068,90,10.011,23.489,110,96
1187,93,2086.6,90,10.003,25.974,109.5,96
1188,92,2035.9,89,9.994,25.133,109.2,96
1189,93,1985.3,89,9.9853,24.291,109.7,97
1190,94,1842.1,90,9.9767,22.688,109.6,96
1191,93,1699,90,9.968,21.084,109.1,97
1192,92,1555.8,89,9.9593,19.481,109.5,96
1193,94,2122.5,90,9.9507,23.439,109.3,96
1194,95,2689.3,90,9.942,27.397,109.1,96
1195,95,2605.5,91,9.9333,27.273,109.6,96
1196,96,2521.7,91,9.9247,27.149,109.4,96
1197,97,2405,91,9.916,25.762,109.6,96
1198,97,2288.4,92,9.9073,24.375,109.7,96
1199,97,2171.8,92,9.8987,22.989,110,96
1200,97,2193.7,92,9.89,25.645,110,96
1201,98,2215.6,92,9.899,28.302,110,96
1202,97,2173.7,92,9.908,29.002,109.5,96
1203,97,2131.8,92,9.917,29.703,109,96
1204,98,2103.9,92,9.926,28.241,109,96
1205,98,2076.1,92,9.935,26.779,109,96
1206,97,2048.2,92,9.944,25.316,109,96
1207,97,2084.4,91,9.953,23.373,108,96
1208,97,2120.5,91,9.962,21.429,107,96
1209,98,1996.3,92,9.971,21.978,108.3,96
1210,98,1872.1,92,9.98,22.527,109.7,96
1211,98,1747.9,92,9.989,23.077,111,96
1212,97,1686.9,92,9.998,21.795,111,96
1213,95,1625.9,91,10.007,20.513,111,96
1214,94,1565,91,10.016,19.231,111,96
1215,93,1708.6,90,10.025,21.119,110.7,96
1216,94,1852.3,90,10.034,23.008,110.3,96
1217,94,1995.9,90,10.043,24.896,110,96
1218,94,2180.4,90,10.052,24.594,111,96
1219,96,2364.9,91,10.061,24.291,112,97
1220,96,2516.9,91,10.07,25.42,112,97
1221,99,2668.9,92,10.079,26.549,112,97
1222,102,2601.8,94,10.088,26.849,112,97
1223,101,2534.8,94,10.097,27.149,112,97
1224,98,2426.3,93,10.106,25.201,113.5,97
1225,96,2317.8,91,10.115,23.252,115,97
1226,96,2209.2,91,10.124,21.303,116.5,97
1227,96,2100.7,91,10.133,19.355,118,97
1228,95,2132.7,91,10.142,22.893,117.5,97
1229,95,2164.7,91,10.151,26.432,117,97
1230,96,2098.3,91,10.16,27.502,113.5,97
1231,94,2031.9,91,10.169,28.571,110,98
1232,92,1932.1,89,10.178,28.571,108,98
1233,91,1832.3,88,10.187,28.571,106,98
1234,92,2040.6,88,10.196,28.571,107,98
1235,96,2249,90,10.205,28.571,108,97
1236,101,2308.9,93,10.214,28.304,110.5,97
1237,100,2368.7,93,10.223,28.037,113,97
1238,99,2298,93,10.232,27.593,113,97
1239,100,2227.2,93,10.241,27.149,113,97
1240,97,2199.6,92,10.25,27.274,112.3,97
1241,95,2172,91,10.259,27.398,111.7,97
1242,94,2144.4,90,10.268,27.523,111,97
1243,98,2257.4,91,10.277,28.047,109,97
1244,100,2370.4,92,10.286,28.571,107,97
1245,99,2375,93,10.295,26.016,105.3,97
1246,101,2379.6,93,10.304,23.461,103.7,97
1247,107,2384.2,96,10.313,20.906,102,97
1248,111,2024.4,98,10.322,20.41,106.3,97
1249,109,1664.6,98,10.331,19.914,110.7,97
1250,110,1304.9,98,10.34,19.417,115,97
1251,117,1892.4,99,10.349,23.994,115.5,97
1252,303,2479.8,118,10.358,28.571,116,97
1253,566,2373.9,143,10.367,29.592,115.5,97
1254,681,2268,152,10.376,30.612,115,97
1255,731,2368.9,159,10.385,29.869,114.5,97
1256,744,2469.8,164,10.394,29.126,114,97
1257,729,2399.5,162,10.403,29.948,114.5,97
1258,472,2329.3,157,10.412,30.769,115,97
1259,229,2132.3,148,10.421,29.603,115,97
1260,207,1935.3,124,10.43,28.436,115,97
1261,158,2184.6,101,10.427,30.261,116,97
1262,115,2433.9,94,10.424,32.086,117,97
1263,89,1648.2,87,10.421,39.216,117,97
1264,84,1969.3,83,10.419,34.242,117,97
1265,85,2290.5,84,10.416,29.268,117,97
1266,87,2193.3,84,10.413,32.598,117.5,97
1267,90,2096.1,86,10.41,35.928,118,97
1268,91,2358.2,88,10.407,36.951,119.5,97
1269,92,2620.3,89,10.404,37.975,121,97
1270,92,2927.3,90,10.402,45.455,125,97
1271,93,3185.3,90,10.399,53.571,130,97
1272,93,3183.9,90,10.396,46.523,131,97
1273,92,3182.6,89,10.393,39.474,132,97
1274,92,2863.9,89,10.39,36.364,134,97
1275,93,2756,90,10.387,34.575,135,97
1276,96,2648.2,91,10.385,32.787,136,97
1277,96,2561.3,91,10.382,31.028,138,97
1278,96,2474.3,91,10.379,29.268,140,97
1279,97,2707.5,92,10.376,29.94,140.5,97
1280,100,2940.7,93,10.373,30.612,141,97
1281,115,2962,100,10.37,29.195,140.5,97
1282,359,2983.4,121,10.368,27.778,140,97
1283,620,3071.9,139,10.365,29.433,139.5,97
1284,678,3160.4,149,10.362,31.088,139,97
1285,712,2914.1,158,10.359,28.359,138.3,97
1286,702,2667.9,158,10.356,25.63,137.7,97
1287,666,2421.7,152,10.354,22.901,137,97
1288,424,2853.8,147,10.351,28.496,137,97
1289,192,3285.9,125,10.348,34.091,137,97
1290,153,3361.6,88,10.345,35.088,137,97
1291,108,3366.8,78,10.342,35.508,136.5,97
1292,85,3372.1,83,10.339,35.928,136,97
1293,82,3151.7,82,10.337,36.483,136,96
1294,82,2931.2,81,10.334,37.037,136,96
1295,82,3396.2,82,10.331,44.444,137,96
1296,82,3232,82,10.328,48,137,96
1297,82,2820,82,10.325,44.776,140,96
1298,82,2790.8,82,10.322,42.658,141,96
1299,82,2761.5,82,10.319,40.541,142,96
1300,84,4021.8,82,10.317,52.174,144,96
1301,86,3893.9,84,10.314,50.847,144,96
1302,88,3668.7,85,10.311,44.654,144,96
1303,90,3443.6,87,10.308,38.462,144,96
1304,91,3258.1,88,10.305,35.928,145,96
1305,91,3194.8,89,10.303,34.448,145.5,96
1306,91,3131.5,88,10.3,32.967,146,96
1307,93,3103.5,89,10.297,33.058,147,96
1308,96,3075.6,91,10.294,33.149,148,96
1309,95,3150.8,91,10.291,33.334,149,96
1310,95,3226,91,10.288,33.52,150,96
1311,115,2965.5,93,10.286,28.388,149.5,96
1312,382,2704.9,120,10.283,23.256,149,96
1313,656,3302.7,147,10.28,29.592,149,97
1314,691,3900.5,153,10.277,35.928,149,97
1315,684,3836.6,157,10.274,34.448,148.5,97
1316,641,3772.8,151,10.271,32.967,148,97
1317,598,3692.8,143,10.268,34.235,147.5,97
1318,392,3612.9,140,10.266,35.503,147,98
1319,186,3646.9,129,10.263,37.267,147,98
1320,147,3603.5,92,10.26,38.114,147,98
1321,105,3560.2,70,10.263,38.961,147,98
1322,82,3305.9,76,10.267,38.961,147,98
1323,77,3049.7,79,10.27,40.17,146.5,98
1324,78,2793.6,78,10.273,41.379,146,98
1325,79,3382.2,79,10.277,45.802,146,98
1326,80,3245.3,80,10.28,43.035,147,98
1327,82,3108.3,81,10.283,40.268,148,98
1328,82,3222.2,82,10.287,44.776,149,98
1329,82,3779.8,82,10.29,55.556,150,98
1330,84,4502.4,83,10.293,58.824,150,98
1331,87,4038.3,85,10.297,58.252,150,98
1332,91,3757.2,87,10.3,49.18,152,98
1333,93,3478.2,89,10.303,39.083,151.5,98
1334,93,3199.2,90,10.307,28.986,151,98
1335,94,3224.8,90,10.31,35.472,151.5,97
1336,93,3250.4,90,10.313,41.958,152,97
1337,90,2807,88,10.317,33.174,153.5,97
1338,90,2363.5,87,10.32,24.39,155,97
1339,92,3222,88,10.323,32.603,154.5,97
1340,94,4080.4,89,10.327,40.816,154,97
1341,206,3677.6,99,10.33,36.364,155,97
1342,467,3627.4,125,10.333,37.05,155,97
1343,641,3577.1,146,10.337,37.736,155,97
1344,668,3689.6,153,10.34,37.05,154.5,97
1345,662,3802,152,10.343,36.364,154,97
1346,623,3731.1,146,10.347,38.462,153,97
1347,477,3524.6,139,10.35,38.839,152.5,97
1348,275,3318.2,135,10.353,39.216,152,97
1349,167,3354.1,109,10.357,37.736,151,97
1350,125,3419.5,79,10.36,36.109,150.5,97
1351,91,3484.9,75,10.363,34.483,150,97
1352,83,3401.3,79,10.367,35.205,150,97
1353,90,3317.7,85,10.37,35.928,150,97
1354,92,3318.8,88,10.373,41.379,150,97
1355,93,3554.3,89,10.377,49.18,149,97
1356,94,3653.1,90,10.38,49.18,149.5,97
1357,95,3751.9,91,10.383,49.18,150,97
1358,95,3447.3,90,10.387,60.606,150,97
1359,95,3822,90,10.39,61.856,151,97
1360,97,3196.7,91,10.393,45.802,154,97
1361,97,3401,92,10.397,50.42,154,97
1362,97,3730.8,92,10.4,46.875,152,97
1363,99,3570.7,92,10.403,43.572,153,97
1364,99,3410.7,92,10.407,40.268,154,97
1365,99,3230.7,93,10.41,37.781,154,97
1366,99,3050.8,93,10.413,35.294,154,97
1367,100,3696.8,93,10.417,38.71,157,97
1368,103,3737.8,93,10.42,43.165,158,97
1369,105,3750.4,95,10.423,39.765,158.5,97
1370,108,3763,97,10.427,36.364,159,97
1371,193,3734,100,10.43,38.59,158,97
1372,382,3705,110,10.433,40.816,157,97
1373,561,3150,129,10.437,33.452,157,97
1374,645,2594.9,145,10.44,26.087,157,97
1375,643,4204.3,149,10.443,40.816,156,97
1376,601,4093.3,143,10.447,40.408,155.5,97
1377,471,3982.3,138,10.45,40,155,97
1378,278,3854.3,133,10.453,42.553,155,97
1379,163,3783.1,100,10.457,41.547,155,97
1380,117,3711.9,71,10.46,40.541,155,97
1381,89,3716.6,77,10.472,40,154,97
1382,82,3701.6,82,10.483,40.408,154,97
1383,83,3686.5,82,10.495,40.816,154,97
1384,86,3591,83,10.507,41.667,153,97
1385,88,3350.5,86,10.518,51.282,155,97
1386,91,3327,88,10.53,48.368,155,97
1387,93,3303.4,89,10.542,45.455,155,97
1388,94,3454.5,90,10.553,58.824,155,97
1389,95,3932.7,90,10.565,63.158,155,97
1390,96,3914.6,91,10.577,58.252,155,96
1391,97,3240.8,92,10.588,47.244,155,95
1392,98,3965.1,92,10.6,51.282,158,95
1393,97,3653.1,92,10.612,45.249,158,95
1394,99,3341.2,92,10.623,39.216,158,95
1395,102,3486.3,93,10.635,39.735,155,94
1396,103,3506.7,95,10.647,39.098,155.5,95
1397,102,3527,94,10.658,38.462,156,95
1398,102,3249.4,94,10.67,33.52,157,95
1399,104,3426.3,94,10.682,35.628,157.5,95
1400,108,3603.1,96,10.693,37.736,158,95
1401,392,3743.6,122,10.705,38.099,158.5,96
1402,657,3884.2,150,10.717,38.462,159,96
1403,647,3696.4,151,10.728,39.474,157,96
1404,651,3703.7,150,10.74,40.285,156.5,96
1405,625,3711.1,146,10.752,41.096,156,96
1406,570,3213.9,138,10.763,33.423,156,96
1407,360,2716.7,131,10.775,25.751,156,96
1408,178,3414.8,129,10.787,30.419,155.5,96
1409,153,4113,107,10.798,35.088,155,96
1410,107,3815.1,80,10.81,40.541,155,96
1411,75,3735.9,75,10.822,40.138,154.5,97
1412,64,3656.7,73,10.833,39.735,154,97
1413,72,3500.6,73,10.845,40,153,97
1414,81,3154.9,78,10.857,48.387,153,97
1415,85,3415.3,82,10.868,48.194,153,97
1416,88,3675.7,84,10.88,48,153,97
1417,88,3401,86,10.892,44.776,155,97
1418,91,3738.9,87,10.903,61.224,156,96
1419,94,3642.9,89,10.915,51.724,156,97
1420,94,3960.5,90,10.927,60,155,97
1421,95,3720.5,90,10.938,47.857,156.5,97
1422,96,3480.6,91,10.95,35.714,158,97
1423,94,3493.4,90,10.962,37.037,158,96
1424,93,3663.5,89,10.973,38.927,157.5,96
1425,96,3833.6,90,10.985,40.816,157,96
1426,92,3784.8,90,10.997,40.816,158,96
1427,89,3797.7,88,11.008,41.098,158,96
1428,90,3810.7,88,11.02,41.379,158,96
1429,92,3456.3,89,11.032,42.254,158,96
1430,93,3528.8,90,11.043,41.96,158,96
1431,91,3601.3,89,11.055,41.667,158,96
1432,91,3120.5,89,11.067,37.037,158,96
1433,92,3346.6,89,11.078,38.255,158.5,96
1434,93,3572.7,89,11.09,39.474,159,97
1435,92,3669.9,89,11.102,39.216,158,97
1436,90,3559.6,88,11.113,34.993,157.7,97
1437,87,3449.4,87,11.125,30.771,157.3,97
1438,86,3339.1,84,11.137,26.549,157,97
1439,88,3056.8,85,11.148,31.746,156,97
1440,90,3428,87,11.16,35.481,156,97
1441,91,3799.2,88,11.159,39.216,156,97
1442,93,3448.2,89,11.158,34.112,154.7,97
1443,94,3097.3,90,11.157,29.008,153.3,97
1444,93,2746.3,90,11.156,23.904,152,97
1445,93,3758.7,89,11.155,37.037,151,97
1446,94,3855.4,89,11.154,38.789,151,97
1447,95,3952,90,11.153,40.541,151,97
1448,98,3656.8,92,11.152,38.961,150,97
1449,99,3529.5,93,11.151,38.348,150,97
1450,96,3402.3,92,11.15,37.736,150,97
1451,95,3525.8,91,11.149,41.096,149,97
1452,94,3332.5,91,11.148,39.535,148,97
1453,94,3139.2,91,11.147,37.975,147,97
1454,93,3219.8,90,11.146,35.936,146.5,97
1455,92,3300.3,89,11.145,33.898,146,97
1456,92,2987.2,89,11.144,32.609,145,97
1457,94,3291.6,89,11.143,36.304,144,97
1458,96,3596.1,91,11.142,40,143,97
1459,98,3197.7,92,11.141,35.385,143,97
1460,102,2799.2,93,11.14,30.769,143,97
1461,103,3105.5,95,11.139,33.457,142.5,97
1462,102,3411.8,95,11.138,36.145,142,97
1463,103,2761.2,95,11.137,29.225,140.5,97
1464,101,2110.6,94,11.136,22.305,139,97
1465,99,2790.8,93,11.135,31.02,138,97
1466,100,3471,93,11.134,39.735,137,97
1467,101,3235.2,94,11.133,37.975,137,97
1468,101,3232.7,94,11.132,38.987,137,97
1469,100,3230.2,94,11.131,40,137,97
1470,100,3172.6,93,11.13,38.462,135,97
1471,100,3073.6,93,11.129,38.711,134,97
1472,101,2974.5,94,11.128,38.961,133,97
1473,101,2577.6,94,11.127,32.033,131,97
1474,99,2180.7,93,11.126,25.105,129,97
1475,99,2615.1,93,11.125,30.409,129,97
1476,100,3049.5,93,11.124,35.714,129,97
1477,99,2977.4,93,11.123,35.929,129.5,97
1478,98,2905.2,92,11.122,36.145,130,97
1479,99,2642,92,11.121,31.347,130,97
1480,99,2378.7,93,11.12,26.549,130,97
1481,98,2638.2,93,11.119,28.58,129.5,97
1482,97,2897.7,92,11.118,30.612,129,97
1483,96,2874.7,92,11.117,31.61,128,97
1484,96,2851.6,91,11.116,32.609,127,97
1485,96,2513.8,91,11.115,28.191,126.3,97
1486,97,2176.1,92,11.114,23.773,125.7,97
1487,97,1838.4,91,11.113,19.355,125,97
1488,99,2343,92,11.112,24.241,121.5,97
1489,103,2847.5,94,11.111,29.126,118,97
1490,102,2803.1,95,11.11,27.55,121.5,97
1491,100,2758.7,93,11.109,25.974,125,97
1492,100,2745.3,93,11.108,28.531,124,97
1493,99,2732,93,11.107,31.088,123,97
1494,100,2716.7,93,11.106,31.334,122.5,97
1495,102,2701.4,94,11.105,31.579,122,97
1496,104,2707.1,95,11.104,31.919,120,97
1497,105,2712.7,95,11.103,32.258,117.5,97
1498,105,2642.1,96,11.102,31.129,116.7,97
1499,104,2571.6,96,11.101,30,116.6,97
1500,103,2528.3,95,11.1,28.453,117,97
1501,104,2485,95,11.091,26.906,116.7,97
1502,104,2364.9,95,11.082,28.159,116.4,97
1503,105,2244.8,95,11.073,29.412,116.3,97
1504,106,2155,95,11.065,29.934,116.8,97
1505,105,2065.2,96,11.056,30.457,116.5,97
1506,103,2087,95,11.047,29.313,116.5,97
1507,105,2108.7,95,11.038,28.169,115.6,97
1508,109,2199.8,97,11.029,27.598,115.8,97
1509,108,2290.8,98,11.02,27.027,115.8,97
1510,105,2339.7,96,11.012,27.277,115.5,97
1511,105,2388.6,96,11.003,27.528,116.2,97
1512,106,2437.5,96,10.994,27.778,115.6,97
1513,105,2346.9,96,10.985,28.889,115.4,97
1514,104,2256.4,95,10.976,30,115.8,97
1515,102,2298.3,94,10.967,29.019,115.5,97
1516,101,2340.3,94,10.959,28.037,115.6,97
1517,101,2384.1,93,10.95,28.653,115.5,97
1518,100,2427.8,93,10.941,29.268,115.7,97
1519,101,2513.8,93,10.932,26.539,115.5,97
1520,102,2599.7,94,10.923,23.81,115,97
1521,102,2340.6,95,10.915,22.54,115.5,97
1522,102,2081.4,94,10.906,21.27,115.4,97
1523,101,1822.3,94,10.897,20,114.5,97
1524,102,2188.4,94,10.888,25.707,114.8,97
1525,104,2554.6,95,10.879,31.414,114.7,97
1526,104,2561.7,95,10.87,31.091,115.3,97
1527,105,2568.8,95,10.861,30.769,114.8,97
1528,108,2530.6,97,10.853,28.777,115.1,97
1529,112,2492.4,99,10.844,26.785,114.8,97
1530,115,2454.2,100,10.835,24.793,114.9,96
1531,114,2484.3,100,10.826,27.703,114.7,96
1532,110,2514.3,99,10.817,30.612,114.8,96
1533,107,2361.1,98,10.808,30.691,114.3,96
1534,106,2207.9,97,10.8,30.769,114.4,96
1535,107,2254,96,10.791,30.303,114.6,96
1536,109,2208.4,97,10.782,29.636,114.2,96
1537,111,2162.9,98,10.773,28.969,114.1,96
1538,110,2117.3,98,10.764,28.302,114.4,96
1539,109,2169,98,10.756,28.644,114,96
1540,109,2220.7,98,10.747,28.986,114.9,96
1541,108,2355.9,98,10.738,28.446,114.5,96
1542,106,2491.2,97,10.729,27.907,114.6,96
1543,107,2348.9,96,10.72,30.62,114.5,96
1544,108,2206.6,96,10.711,33.333,115,95
1545,107,2227.1,97,10.703,32.456,115,95
1546,107,2247.7,96,10.694,31.579,115,95
1547,107,2272.2,96,10.685,30.568,114.5,95
1548,107,2296.8,96,10.676,29.557,114,95
1549,107,2315.3,97,10.667,29.484,114,95
1550,108,2333.9,97,10.658,29.412,114,95
1551,108,2132.3,97,10.65,26.342,114,95
1552,107,1930.7,97,10.641,23.272,114,95
1553,106,1729.1,96,10.632,20.202,114,95
1554,107,2092.9,96,10.623,25.101,114.5,95
1555,107,2456.7,97,10.614,30,115,95
1556,107,2438.9,97,10.605,27.821,115,95
1557,108,2421,97,10.596,25.641,115,95
1558,107,2549.4,97,10.588,26.213,115,95
1559,104,2677.8,96,10.579,26.786,115,95
1560,102,2539.3,95,10.57,27.154,115,95
1561,101,2400.7,94,10.576,27.523,115,95
1562,103,2263.6,94,10.583,27.586,115,95
1563,106,2126.5,96,10.589,27.65,115,95
1564,106,2179.3,96,10.595,28.049,115,95
1565,104,2232.1,96,10.602,28.447,115,95
1566,103,2284.9,95,10.608,28.846,115,95
1567,104,2266.5,95,10.614,31.414,116,95
1568,103,2291,95,10.621,31.836,116,95
1569,104,2315.6,95,10.627,32.258,116,95
1570,105,2313.5,96,10.633,30.089,115.7,95
1571,105,2311.4,96,10.64,27.92,115.3,95
1572,105,2309.3,96,10.646,25.751,115,95
1573,107,2274.9,96,10.652,26.328,115,95
1574,108,2240.6,97,10.659,26.906,115,95
1575,110,2273.8,98,10.665,30.027,115,95
1576,109,2307,98,10.671,33.149,115,95
1577,110,2016.1,98,10.678,32.968,115,95
1578,110,1725.2,98,10.684,32.787,115,95
1579,109,2799.7,98,10.69,36.81,116,95
1580,107,2434.4,97,10.697,31.141,116,95
1581,107,2069,97,10.703,25.471,116,95
1582,110,1703.7,97,10.709,19.802,116,95
1583,110,2150,98,10.716,25.608,115.5,95
1584,109,2596.2,98,10.722,31.414,115,95
1585,107,2506.8,97,10.728,27.373,114.3,95
1586,106,2417.3,96,10.735,23.333,113.7,95
1587,106,2327.9,96,10.741,19.293,113,95
1588,106,2276.2,96,10.747,24.875,113,95
1589,108,2224.5,97,10.754,30.457,113,95
1590,109,2309.2,97,10.76,30.228,113,94
1591,109,2394,98,10.766,30,113,95
1592,108,2401.9,97,10.773,30.152,113,94
1593,108,2409.8,97,10.779,30.303,113,94
1594,107,2355.6,97,10.785,29.506,113,94
1595,107,2301.5,97,10.792,28.708,113,94
1596,108,2282.9,97,10.798,29.132,113,94
1597,108,2264.2,97,10.804,29.557,113,94
1598,108,2233.3,97,10.811,30.007,113.5,95
1599,109,2202.5,97,10.817,30.457,114,95
1600,111,2222.8,98,10.823,29.446,113.5,95
1601,112,2243.2,99,10.83,28.436,113,95
1602,113,2299.6,100,10.836,28.303,112.7,95
1603,114,2355.9,100,10.842,28.17,112.3,95
1604,115,2412.3,101,10.849,28.037,112,95
1605,112,2266.8,100,10.855,30.612,113,95
1606,108,2289.3,98,10.861,29.978,113,95
1607,104,2311.7,95,10.868,29.343,113,95
1608,105,2334.2,95,10.874,28.708,113,95
1609,109,2446.9,97,10.88,29.132,112.5,95
1610,110,2559.6,98,10.887,29.557,112,95
1611,107,2529.9,97,10.893,29.201,112,95
1612,106,2500.3,96,10.899,28.846,112,95
1613,109,2351.4,97,10.906,29.275,112.5,95
1614,110,2202.5,98,10.912,29.703,113,95
1615,110,2223.8,98,10.918,31.518,113,95
1616,109,2245.1,98,10.925,33.333,113,95
1617,109,2273.9,98,10.931,32.967,114,95
1618,108,2256.2,97,10.937,32.028,114,95
1619,107,2238.5,97,10.944,31.088,114,95
1620,104,2189.5,96,10.95,32.785,114,95
1621,103,2140.6,95,10.939,34.483,114,95
1622,105,2019.8,95,10.929,31.195,114,95
1623,105,1899.1,95,10.918,27.907,114,95
1624,106,2169.9,95,10.907,29.182,113.5,95
1625,108,2440.7,97,10.897,30.457,113,95
1626,106,2160.2,98,10.886,26.994,112.7,95
1627,100,1879.7,95,10.875,23.53,112.3,95
1628,97,1599.2,92,10.865,20.067,112,95
1629,100,2204.2,93,10.854,26.608,111.5,95
1630,103,2809.3,95,10.843,33.149,111,95
1631,102,2673.7,94,10.833,32.532,112.5,95
1632,101,2538.1,94,10.822,31.915,114,95
1633,102,2535.4,94,10.811,33.1,114.5,95
1634,105,2532.8,95,10.801,34.286,115,95
1635,108,2550.4,97,10.79,34.884,115,94
1636,111,2552.1,98,10.779,33.315,114,94
1637,114,2553.7,100,10.769,31.746,113,94
1638,114,2450.5,100,10.758,33.114,113,94
1639,110,2347.2,99,10.747,34.483,113,94
1640,109,2337.6,98,10.737,35.314,113.5,94
1641,108,2328.1,97,10.726,36.145,114,94
1642,107,2286,97,10.715,36.145,114,94
1643,104,2264.7,96,10.705,35.021,114,94
1644,104,2243.4,95,10.694,33.898,114,94
1645,106,2071.9,96,10.683,32.907,114,94
1646,105,1900.3,96,10.673,31.915,114,94
1647,104,1946.1,95,10.662,33.1,114.5,95
1648,105,1991.8,95,10.651,34.286,115,95
1649,107,2154.1,97,10.641,31.706,115,95
1650,108,2316.5,98,10.63,29.126,115,95
1651,107,2221.5,97,10.619,28.986,114.5,95
1652,105,2126.6,95,10.609,28.846,114,95
1653,104,2222.3,95,10.598,30.907,114,95
1654,105,2317.9,95,10.587,32.967,114,95
1655,104,2185.4,95,10.577,33.708,113,95
1656,104,2062.8,95,10.566,31.072,113,95
1657,104,1940.1,95,10.555,28.436,113,95
1658,106,2165.1,96,10.545,28.996,113.5,95
1659,106,2390.1,96,10.534,29.557,114,95
1660,104,2200.8,95,10.523,26.822,114,95
1661,105,2011.5,95,10.513,24.087,114,95
1662,104,1822.1,95,10.502,21.352,114,95
1663,103,2096.8,94,10.491,24.375,114,95
1664,107,2371.4,95,10.481,27.397,114,95
1665,109,2467.1,97,10.47,28.069,114.3,95
1666,108,2562.7,97,10.459,28.74,114.7,95
1667,114,2658.4,98,10.449,29.412,115,95
1668,135,2513.4,106,10.438,29.857,115,95
1669,408,2368.5,131,10.427,30.303,115,95
1670,665,2307.3,150,10.417,30.612,114,95
1671,695,2242.3,155,10.406,29.887,113.7,95
1672,720,2177.3,161,10.395,29.161,113.3,95
1673,695,2112.4,158,10.385,28.436,113,95
1674,647,2139.1,150,10.374,29.603,113,95
1675,418,2165.8,149,10.363,30.769,113,95
1676,206,2128.8,133,10.353,39.216,113,95
1677,168,2089.5,92,10.342,34.314,114.5,95
1678,121,2050.1,75,10.331,29.412,116,95
1679,88,2446.2,81,10.321,31.655,116.5,95
1680,72,2842.3,78,10.31,33.898,117,95
1681,69,2768.6,75,10.308,33.709,117.5,95
1682,75,2694.9,76,10.306,33.52,118,95
1683,84,2357.3,81,10.304,35.714,117,95
1684,90,2089,87,10.303,32.008,117.5,96
1685,91,1820.7,87,10.301,28.302,118,96
1686,93,1847.9,88,10.299,27.678,119,96
1687,94,1875.1,90,10.297,27.055,120,96
1688,97,1902.3,91,10.295,26.432,121,96
1689,98,2517.5,92,10.293,42.553,124,96
1690,98,3411.7,92,10.292,60,129,96
1691,99,3346.6,93,10.29,50.548,129,96
1692,100,3281.4,93,10.288,41.096,129,96
1693,100,3107.7,93,10.286,38.71,132,96
1694,99,2764.4,93,10.284,36.4,133,96
1695,99,2421,93,10.282,34.091,134,96
1696,100,2475.6,93,10.281,34.188,135,96
1697,101,2530.2,93,10.279,34.286,136,96
1698,187,2779.3,95,10.277,35.088,138,96
1699,413,2601.1,112,10.275,31.328,139,95
1700,599,2422.9,136,10.273,27.569,140,95
1701,644,2244.7,147,10.271,23.81,141,95
1702,641,2958.8,148,10.27,29.869,141,95
1703,624,3673,145,10.268,35.928,141,95
1704,507,3704.5,142,10.266,35.714,140,95
1705,307,3586.2,144,10.264,36.725,139.5,95
1706,191,3467.9,126,10.262,37.736,139,95
1707,148,3227.6,92,10.261,36.515,138.5,95
1708,108,2987.3,83,10.259,35.294,138,95
1709,88,2923.1,86,10.257,33.333,137,95
1710,86,3069.9,84,10.255,33.15,136.5,96
1711,91,3216.8,87,10.253,32.967,136,96
1712,95,3165,90,10.251,34.556,136,96
1713,97,3113.1,91,10.25,36.145,136,96
1714,101,2812.9,93,10.248,43.165,137,96
1715,101,3250.2,94,10.246,46.875,137,96
1716,100,2985.2,93,10.244,41.956,137.5,96
1717,102,2720.2,93,10.242,37.037,138,96
1718,105,2657.3,95,10.24,35.661,139,96
1719,105,2594.4,96,10.239,34.286,140,95
1720,104,2820,95,10.237,33.359,140,95
1721,105,3045.6,95,10.235,32.432,140,95
1722,106,4516,96,10.233,51.724,141,95
1723,107,3626.7,96,10.231,40.816,144,95
1724,109,3450.3,97,10.229,40.145,144,95
1725,109,3273.8,97,10.227,39.474,144,95
1726,106,3140.9,96,10.226,36.364,146,95
1727,105,3220.9,96,10.224,38.182,147,95
1728,218,3301,104,10.222,40,148,95
1729,435,3288.6,122,10.22,38.868,148.5,95
1730,584,3276.2,136,10.218,37.736,149,95
1731,628,3356.5,144,10.216,37.975,149,95
1732,624,3395,146,10.215,37.737,149.5,95
1733,608,3433.5,144,10.213,37.5,150,95
1734,483,3220.1,138,10.211,34.483,150,95
1735,276,3331.2,135,10.209,37.512,150,96
1736,159,3442.3,111,10.207,40.541,150,96
1737,118,3437.1,86,10.206,38.234,149.5,96
1738,95,3431.9,87,10.204,35.928,149,96
1739,88,3249.3,87,10.202,38.961,149,96
1740,89,3359.1,86,10.2,40.17,149,96
1741,91,3468.9,88,10.196,41.379,149,96
1742,92,3370.3,89,10.192,36.81,149,96
1743,92,3036.9,89,10.188,32.623,149,96
1744,91,2703.5,88,10.183,28.436,149,96
1745,91,3573.3,88,10.179,59.406,149,96
1746,94,3416.3,89,10.175,52.78,150,96
1747,96,3259.3,91,10.171,46.154,151,96
1748,98,3072.9,92,10.167,40.816,150,96
1749,99,3935.8,93,10.162,54.545,150,96
1750,99,3285.4,92,10.158,48.387,151,96
1751,99,3902.7,92,10.154,51.221,152,96
1752,98,4520.1,93,10.15,54.054,153,96
1753,99,3266.5,93,10.146,39.474,153,96
1754,102,3439.2,93,10.142,40.57,152,96
1755,103,3611.8,94,10.137,41.667,151,97
1756,103,3599.5,95,10.133,36.585,153,97
1757,104,3551,95,10.129,39.875,154,97
1758,217,3502.6,101,10.125,43.165,155,97
1759,449,3042,120,10.121,34.135,155,97
1760,595,2581.3,137,10.117,25.105,155,97
1761,624,3981.3,143,10.112,40,155,97
1762,621,3847.6,145,10.108,41.429,155.5,97
1763,585,3713.9,141,10.104,42.857,156,97
1764,453,3475.9,133,10.1,43.478,156,97
1765,267,3613,132,10.096,42.147,156,97
1766,159,3750.1,103,10.092,40.816,156,97
1767,113,3669.7,66,10.088,40.816,155,97
1768,90,3625.3,71,10.083,39.639,155,97
1769,87,3581,84,10.079,38.462,155,97
1770,86,3423.4,85,10.075,39.474,155,97
1771,89,3488.7,85,10.071,39.871,154,97
1772,93,3554.1,88,10.067,40.268,153,97
1773,96,3526.3,91,10.062,39.474,152,97
1774,100,3319.6,92,10.058,41.959,152,97
1775,102,3113,94,10.054,44.444,152,96
1776,103,3767,95,10.05,48,153,96
1777,101,2618.4,94,10.046,39.735,155,96
1778,100,3002.8,93,10.042,43.868,155,96
1779,100,3387.2,94,10.037,48,155,96
1780,101,3658.3,94,10.033,56.457,154.5,96
1781,101,3251.1,94,10.029,41.667,155,96
1782,102,4341.2,94,10.025,52.632,155,96
1783,104,3779.1,94,10.021,41.022,155,96
1784,106,3217,96,10.017,29.412,155,96
1785,107,3235.9,97,10.012,36.289,155,97
1786,108,3254.9,97,10.008,43.165,155,97
1787,110,3400.1,98,10.004,41.379,156,97
1788,277,3667.1,104,10,42.857,158,97
1789,494,3676.1,116,9.9958,43.326,158,97
1790,589,3685.1,133,9.9917,43.796,158,97
1791,654,3481.4,148,9.9875,44.444,158,97
1792,644,3672.1,148,9.9833,45.113,158,97
1793,595,3628.2,142,9.9792,45.812,157,97
1794,375,3584.2,136,9.975,46.512,156,97
1795,184,3084.8,133,9.9708,36.414,156.5,97
1796,165,2585.4,104,9.9667,26.316,157,97
1797,114,4164.1,73,9.9625,43.796,157,97
1798,88,4029.1,77,9.9583,44.799,156.5,97
1799,87,3894.2,85,9.9542,45.802,156,97
1800,88,3636.3,86,9.95,41.667,156,97
1801,89,3662.2,87,9.9573,41.104,156,97
1802,93,3688,88,9.9647,40.541,156,97
1803,98,3675.8,91,9.972,41.096,155,97
1804,98,3204.2,92,9.9793,44.444,155,97
1805,98,3276.4,92,9.9867,44.12,154.5,97
1806,100,3348.5,93,9.994,43.796,154,97
1807,100,3060.9,93,10.001,38.217,154,97
1808,100,3463.2,93,10.009,54.545,156,97
1809,98,3404.2,93,10.016,50.35,156,97
1810,98,3345.3,93,10.023,46.154,156,97
1811,99,4039.6,93,10.031,60,156,97
1812,99,4444.9,93,10.038,58.252,156,97
1813,99,3396.1,93,10.045,41.958,158,97
1814,99,3566.7,93,10.053,42.562,158,97
1815,101,3737.4,94,10.06,43.165,158,97
1816,101,3385.2,94,10.067,42.857,156,97
1817,101,3392.6,94,10.075,41.379,159,97
1818,288,3558.9,105,10.082,41.523,159.5,97
1819,566,3725.2,131,10.089,41.667,160,97
1820,662,3601.9,151,10.097,41.379,161,97
1821,639,3684.9,149,10.104,39.798,160.5,97
1822,579,3768,139,10.111,38.217,160,97
1823,531,3587.1,131,10.119,42.857,158,97
1824,344,3522.8,128,10.126,41.296,158,97
1825,161,3458.6,115,10.133,39.735,158,97
1826,132,3527,88,10.141,44.118,158,97
1827,93,3226.1,78,10.148,37.542,157.7,97
1828,69,2925.2,77,10.155,30.966,157.3,97
1829,67,2624.3,74,10.163,24.39,157,97
1830,75,3814.7,76,10.17,43.796,157,97
1831,81,3771.9,79,10.177,41.958,156,97
1832,84,3623.6,82,10.185,42.408,155.5,96
1833,86,3475.3,85,10.192,42.857,155,96
1834,86,3248.6,85,10.199,38.283,155,96
1835,86,3022,84,10.207,33.708,155,96
1836,86,2810.8,85,10.214,37.267,155,96
1837,86,4418,85,10.221,62.5,157,96
1838,88,4037.7,85,10.229,58.252,157,96
1839,89,3915.7,86,10.236,61.856,156,96
1840,88,3944.8,86,10.243,55.046,156,96
1841,88,3754.9,86,10.251,50.6,156,96
1842,89,3565.1,86,10.258,46.154,156,96
1843,90,4016.2,87,10.265,48.387,158,96
1844,90,3326.6,88,10.273,44.444,158,96
1845,89,3226.9,87,10.28,43.056,158.5,96
1846,88,3127.2,86,10.287,41.667,159,95
1847,88,3338.5,86,10.295,41.379,159,95
1848,87,3387.3,86,10.302,39.677,159,95
1849,87,3436.2,85,10.309,37.975,159,96
1850,87,3387.3,85,10.317,38.961,159,96
1851,88,3424.7,85,10.324,39.615,159,96
1852,89,3462.1,87,10.331,40.268,159,96
1853,88,3322.5,87,10.339,39.474,158,96
1854,86,3205.2,86,10.346,38.968,157.5,96
1855,87,3087.9,85,10.353,38.462,157,96
1856,85,3208.5,84,10.361,38.961,157,96
1857,83,3370.8,82,10.368,38.961,156.5,96
1858,85,3533.1,83,10.375,38.961,156,96
1859,85,3567.5,84,10.383,42.553,152,96
1860,82,3565.9,82,10.39,42.859,152,96
1861,87,3564.4,83,10.387,43.165,152,96
1862,94,3049.8,89,10.384,34.884,151,96
1863,92,2886.7,90,10.381,31.419,151,96
1864,91,2723.5,88,10.378,27.954,151,96
1865,91,2560.4,88,10.375,24.49,151,96
1866,92,4187.4,89,10.372,43.165,150,96
1867,94,3826.6,90,10.369,40.814,150,96
1868,91,3465.9,90,10.366,38.462,150,96
1869,88,3432.4,87,10.363,39.735,149,96
1870,87,3446.2,85,10.36,37.94,149,96
1871,87,3459.9,85,10.357,36.145,149,96
1872,87,3257.5,85,10.354,39.216,147,96
1873,89,3318.6,86,10.351,39.216,146,96
1874,90,3379.7,87,10.348,39.216,145,96
1875,89,3271.7,87,10.345,38.358,144.5,96
1876,92,3163.6,88,10.342,37.5,144,96
1877,94,2819.8,90,10.339,36.585,143,96
1878,91,2986.2,89,10.336,39.419,142,96
1879,90,3152.5,88,10.333,42.254,141,96
1880,90,2997,88,10.33,39.735,142,96
1881,90,2783.1,88,10.327,35.252,141,96
1882,91,2569.2,88,10.324,30.769,140,96
1883,93,3284.5,89,10.321,44.118,139,96
1884,94,3109.9,90,10.318,43.038,138.5,96
1885,93,2935.3,90,10.315,41.958,138,96
1886,93,2848.9,90,10.312,37.372,136.5,95
1887,93,2762.5,90,10.309,32.787,135,95
1888,92,2841,89,10.306,31.857,135,95
1889,91,2919.4,89,10.303,30.928,135,96
1890,93,2923.2,89,10.3,37.037,133,96
1891,97,2898.9,91,10.297,36.591,131.5,95
1892,99,2874.6,92,10.294,36.145,130,95
1893,101,2499.2,93,10.291,31.834,129.5,95
1894,100,2123.8,93,10.288,27.523,129,95
1895,99,2537.9,93,10.285,32.166,128.5,95
1896,99,2952.1,93,10.282,36.81,128,95
1897,100,2733.6,93,10.279,34.278,128,95
1898,100,2515.1,93,10.276,31.746,128,95
1899,99,2261.8,92,10.273,27.025,127,95
1900,99,2008.6,92,10.27,22.305,126,95
1901,102,2517.7,94,10.267,28.594,125.5,95
1902,104,3026.9,95,10.264,34.884,125,95
1903,105,2996.2,95,10.261,35.193,125.5,95
1904,103,2965.6,95,10.258,35.503,126,95
1905,101,2812,94,10.255,34.884,125,95
1906,102,2709.1,94,10.252,34.884,125,95
1907,105,2606.2,95,10.249,34.884,125,95
1908,106,2511.6,96,10.246,34.391,123.5,95
1909,103,2417.1,95,10.243,33.898,122,95
1910,102,2451.6,95,10.24,34.701,121.5,95
1911,102,2486.1,94,10.237,35.503,121,95
1912,101,2532,94,10.234,37.736,121,95
1913,102,2575.6,94,10.231,36.515,121.5,95
1914,101,2619.2,94,10.228,35.294,122,95
1915,100,2491.3,94,10.225,34.314,121.5,95
1916,99,2363.4,93,10.222,33.333,121,95
1917,99,2294.6,93,10.219,34.483,119,95
1918,100,2239,93,10.216,33.725,118.8,95
1919,97,2183.5,92,10.213,32.967,118.5,95
1920,95,2225.6,91,10.21,33.433,118.1,95
1921,95,2267.7,90,10.209,33.898,117.8,95
1922,95,2268.6,91,10.207,34.913,118,95
1923,95,2269.4,91,10.206,35.928,117.6,95
1924,95,1898.9,91,10.205,29.075,117.9,95
1925,96,1528.4,91,10.203,22.222,117.4,95
1926,96,1981.4,91,10.202,26.984,117.2,95
1927,95,2434.4,91,10.201,31.746,117.4,95
1928,92,2506.1,90,10.199,31.417,117.5,95
1929,92,2577.8,89,10.198,31.088,116.8,95
1930,93,2546.1,89,10.197,30.85,116.8,95
1931,93,2514.5,89,10.195,30.612,116.5,95
1932,93,2480.4,89,10.194,32.547,116,95
1933,94,2446.2,90,10.193,34.483,116.6,95
1934,95,2440.4,91,10.191,34.001,116,95
1935,94,2434.6,91,10.19,33.52,116.3,95
1936,91,2320.9,90,10.189,32.066,116.2,95
1937,93,2207.1,90,10.187,30.612,115.8,95
1938,94,2171.6,90,10.186,30.158,115.9,95
1939,90,2136,89,10.185,29.703,115.8,95
1940,87,2166.8,86,10.183,30.158,115.5,95
1941,85,2197.6,85,10.182,30.612,115.7,95
1942,85,2238.8,84,10.181,30.85,115.5,95
1943,88,2280,85,10.179,31.088,115.3,95
1944,92,2470.5,88,10.178,32.258,115.1,96
1945,94,2380.6,90,10.177,31.261,114.5,96
1946,91,2290.7,90,10.175,30.265,115.1,96
1947,87,2200.8,87,10.174,29.268,114.9,96
1948,88,2479.6,86,10.173,35.503,114.7,96
1949,88,2284.1,86,10.171,32.603,114.4,96
1950,87,2088.6,86,10.17,29.703,114.2,95
1951,86,2047.4,85,10.169,31.705,114.6,96
1952,86,2006.1,85,10.167,33.708,114.2,96
1953,90,2249.4,86,10.166,35.036,113.6,96
1954,95,2492.8,89,10.165,36.364,114.1,96
1955,98,2493.8,92,10.163,33.52,113.4,95
1956,99,2185.6,93,10.162,29.672,113.9,95
1957,99,1877.3,93,10.161,25.825,113.7,95
1958,97,1569.1,92,10.159,21.978,113.6,95
1959,97,1911.5,92,10.158,28.846,113.5,95
1960,97,2253.8,92,10.157,35.714,113.3,95
1961,96,2235.2,92,10.155,33.986,113.3,95
1962,96,2216.5,92,10.154,32.258,112.6,95
1963,96,2180.1,91,10.153,32.258,113.3,95
1964,94,2143.8,90,10.151,32.258,113,95
1965,93,2530.1,90,10.15,32.787,112.5,95
1966,94,2529.2,90,10.149,31.857,112.8,95
1967,96,2528.3,91,10.147,30.928,112.6,95
1968,97,2485.6,91,10.146,29.793,112.6,95
1969,95,2442.9,91,10.145,28.658,112.2,95
1970,94,2400.2,90,10.143,27.523,112.2,95
1971,95,2245.9,90,10.142,31.088,112,95
1972,96,2083.1,90,10.141,31.169,112,95
1973,96,1920.3,91,10.139,31.25,112.6,95
1974,96,1823.4,91,10.138,30.136,112.5,95
1975,97,1726.5,92,10.137,29.021,111.9,95
1976,95,1629.6,91,10.135,27.907,111.5,95
1977,94,1853.3,90,10.134,27.528,112.2,95
1978,93,2076.9,90,10.133,27.149,111.4,95
1979,92,2139.8,90,10.131,28.803,111.2,95
1980,92,2202.6,89,10.13,30.457,112,95
1981,96,2260.1,90,10.121,29.651,111.9,95
1982,100,2317.5,92,10.112,28.846,111.1,95
1983,97,2240.1,92,10.102,29.729,111.8,95
1984,97,2162.7,91,10.093,30.612,111.4,96
1985,100,2150.2,93,10.084,30.458,111.3,95
1986,100,2137.7,94,10.075,30.303,111,95
1987,99,2092.5,93,10.066,26.281,111.4,95
1988,98,2047.4,93,10.057,22.259,110.8,96
1989,99,2002.2,93,10.047,18.237,111.5,95
1990,101,1893.8,93,10.038,23.824,111,95
1991,101,1785.4,93,10.029,29.412,110.6,95
1992,99,1916.9,93,10.02,30.663,111.5,95
1993,96,2048.4,92,10.011,31.915,111.2,95
1994,92,2031.3,90,10.002,29.846,110.6,95
1995,91,2014.1,88,9.9925,27.778,110.6,95
1996,91,2174.1,88,9.9833,29.596,110.9,95
1997,93,2334.2,89,9.9742,31.414,110.5,96
1998,97,2169.5,91,9.965,32.561,110.9,96
1999,99,2004.8,92,9.9558,33.708,110.4,96
2000,102,2094,94,9.9467,32.897,111.2,96
2001,105,2183.3,95,9.9375,32.086,110.3,96
2002,106,2104.5,96,9.9283,32.259,111,96
2003,106,2025.7,96,9.9192,32.432,110.9,96
2004,104,2050.9,96,9.91,30.57,110.2,96
2005,104,2076.1,95,9.9008,28.708,110.8,96
2006,104,2028.4,95,9.8917,29.506,111.1,96
2007,104,1980.7,95,9.8825,30.303,110.4,96
2008,104,1925.8,95,9.8733,30.696,110.8,96
2009,103,1870.9,95,9.8642,31.088,110.2,96
2010,104,2415.2,95,9.855,31.414,111,96
2011,107,2363.2,96,9.8458,30.288,110.1,96
2012,108,2311.1,97,9.8367,29.163,110.1,96
2013,106,2259.1,96,9.8275,28.037,110.5,95
2014,104,2059,96,9.8183,28.511,111,95
2015,105,1858.8,95,9.8092,28.986,110.7,95
2016,107,1983.5,96,9.8,29.271,110.1,95
2017,107,2108.2,97,9.7908,29.557,110.1,95
2018,107,2068.4,97,9.7817,30.995,110.1,95
2019,107,2028.7,97,9.7725,32.432,110,95
2020,106,2071.6,97,9.7633,32.967,103,95
2021,104,2178,96,9.7542,30.976,101,95
2022,104,2284.4,95,9.745,28.986,99,95
2023,111,2200.8,96,9.7358,28.333,99.3,95
2024,115,2117.2,99,9.7267,27.68,99.7,95
2025,114,2033.6,101,9.7175,27.027,100,95
2026,114,1954.4,100,9.7083,28.219,102.5,95
2027,114,1875.1,100,9.6992,29.412,105,95
2028,110,1945.7,98,9.69,30.495,108.5,95
2029,105,2016.3,96,9.6808,31.579,112,95
2030,104,2192.1,95,9.6717,31.579,112,95
2031,107,2247.4,96,9.6625,31.174,111.5,95
2032,106,2302.6,96,9.6533,30.769,111,95
2033,104,2142.7,96,9.6442,27.759,111.3,95
2034,105,1982.8,96,9.635,24.749,111.7,95
2035,105,1822.9,96,9.6258,21.739,112,95
2036,104,2109.8,96,9.6167,25.945,112.5,95
2037,106,2396.6,96,9.6075,30.151,113,95
2038,107,2346.4,96,9.5983,30.304,113.5,95
2039,107,2296.1,97,9.5892,30.457,114,95
2040,109,2240.7,98,9.58,32.371,113.5,95
2041,108,2185.3,98,9.5758,34.286,113,95
2042,106,2153.4,96,9.5717,34.092,112.5,95
2043,106,2121.5,96,9.5675,33.898,112,95
2044,105,2142.7,96,9.5633,30.648,112,95
2045,104,2163.9,95,9.5592,27.397,112,95
2046,105,2182,95,9.555,26.973,111.5,95
2047,107,2200.2,96,9.5508,26.549,111,95
2048,108,2167.4,98,9.5467,25.998,111,95
2049,108,2134.6,97,9.5425,25.447,111,95
2050,109,2101.8,97,9.5383,24.896,111,95
2051,107,2234.4,97,9.5342,26.273,111.5,95
2052,107,2367.1,96,9.53,27.65,112,95
2053,107,2335.2,96,9.5258,27.909,112,95
2054,106,2303.4,96,9.5217,28.169,112,95
2055,108,2382.3,97,9.5175,29.16,112,95
2056,109,2461.1,98,9.5133,30.151,112,95
2057,105,2530.5,96,9.5092,28.119,112.5,95
2058,104,2599.9,95,9.505,26.087,113,95
2059,104,2739.5,95,9.5008,28.507,113,95
2060,103,2879.2,95,9.4967,30.928,113,94
2061,102,2601.6,95,9.4925,29.417,112.5,94
2062,103,2324,94,9.4883,27.907,112,95
2063,104,2348.9,95,9.4842,28.308,112,95
2064,103,2373.9,95,9.48,28.708,112,95
2065,103,2348.2,95,9.4758,29.206,112.5,95
2066,105,2322.5,95,9.4717,29.703,113,95
2067,107,2298.4,96,9.4675,30.724,113,95
2068,108,2274.3,97,9.4633,31.746,113,95
2069,108,2272.7,97,9.4592,31.025,113.5,95
2070,106,2271,97,9.455,30.303,114,95
2071,104,2273.7,96,9.4508,29.644,113.5,95
2072,103,2276.3,95,9.4467,28.986,113,95
2073,105,2280.2,95,9.4425,29.644,113,95
2074,107,2284.1,96,9.4383,30.303,113,95
2075,108,2357.5,97,9.4342,28.713,113,95
2076,107,2430.8,97,9.43,27.122,113,95
2077,106,2504.2,97,9.4258,25.532,113,95
2078,105,2401.8,96,9.4217,31.746,113,95
2079,105,2372.3,95,9.4175,30.826,112.7,95
2080,107,2342.8,96,9.4133,29.906,112.3,95
2081,106,2313.3,96,9.4092,28.986,112,94
2082,98,2307.4,96,9.405,30.769,112,95
2083,92,2343.8,90,9.4008,29.285,112,95
2084,80,2380.1,83,9.3967,27.8,112,95
2085,0,2416.4,0,9.3925,26.316,112,95
2086,0,2306.4,0,9.3883,27.864,112,95
2087,0,2196.4,0,9.3842,29.412,112,94
2088,0,2158.3,0,9.38,29.557,112,94
2089,0,2120.2,0,9.3758,29.703,112,94
2090,0,2205.2,0,9.3717,30.981,112,94
2091,0,2290.3,0,9.3675,32.258,112,94
2092,0,2310.4,0,9.3633,32.522,112,94
2093,0,2330.6,0,9.3592,32.787,112,94
2094,0,2377.7,0,9.355,33.333,112,94
2095,0,2308.4,0,9.3508,32.211,112,94
2096,0,2239.1,0,9.3467,31.088,112,94
2097,0,2253,0,9.3425,31.937,112,95
2098,0,2266.8,0,9.3383,32.787,112,95
2099,0,2273.3,0,9.3342,34.145,111.5,95
2100,0,2279.8,0,9.33,35.503,111,95
2101,0,2106.8,0,9.318,33.458,111,95
2102,0,1933.7,0,9.306,31.414,111,95
2103,0,1889.9,0,9.294,30.061,111.5,95
2104,0,1846,0,9.282,28.708,112,95
2105,0,1700.9,0,9.27,25.468,111,95
2106,0,1555.8,0,9.258,22.228,110.1,95
2107,0,1410.7,0,9.246,18.987,109.4,95
2108,0,1587.9,0,9.234,21.689,109.1,95
2109,0,1765.2,0,9.222,24.39,108.4,95
2110,0,1812.7,0,9.21,24.134,106.9,95
2111,0,1860.3,0,9.198,23.878,106.4,95
2112,0,1907.9,0,9.186,23.622,106.1,95
2113,0,2042.4,0,9.174,23.021,104.7,95
2114,0,2176.9,0,9.162,22.419,103.9,94
2115,0,2311.4,0,9.15,21.818,103.9,94
2116,0,1845.8,0,9.138,23.357,103,94
2117,0,1380.3,0,9.126,24.896,102.6,94
2118,0,1584.8,0,9.114,26.084,101.2,95
2119,0,1789.2,0,9.102,27.273,100.4,95
2120,0,1680.3,0,9.09,26.692,100,95
2121,0,1571.4,0,9.078,26.112,99.1,95
2122,0,1462.5,0,9.066,25.532,98.8,95
2123,0,1705,0,9.054,25.982,98.6,95
2124,0,1947.5,0,9.042,26.432,97,95
2125,0,1819.6,0,9.03,25.216,97.3,95
2126,0,1691.6,0,9.018,24,96.1,95
2127,0,1618.6,0,9.006,21.731,96.1,95
2128,0,1545.5,0,8.994,19.463,95.4,95
2129,0,1472.4,0,8.982,17.194,94.6,95
2130,0,1399.4,0,8.97,14.925,93.4,95
2131,0,1289,0,8.958,15.767,93.5,95
2132,0,1178.7,0,8.946,16.609,93,95
2133,0,1068.4,0,8.934,17.451,92.3,95
2134,0,958.07,0,8.922,18.293,92,95
2135,0,983.84,0,8.91,20.425,91,95
2136,0,1009.6,0,8.898,22.556,91,95
2137,0,973.64,0,8.886,22.671,89.6,95
2138,0,937.68,0,8.874,22.786,89.7,95
2139,0,901.71,0,8.862,22.901,89.4,95
2140,0,923.48,0,8.85,22.41,88.2,95
2141,0,945.24,0,8.838,21.919,88,95
2142,0,967,0,8.826,21.429,87.1,96
2143,0,1067.3,0,8.814,21.279,86.8,96
2144,0,1167.6,0,8.802,21.129,86.5,96
2145,0,1267.8,0,8.79,20.979,85.8,96
2146,0,1122.3,0,8.778,20.979,85.5,96
2147,0,976.79,0,8.766,20.979,85.9,96
2148,0,831.26,0,8.754,20.979,84.8,96
2149,0,844.68,0,8.742,22.685,84.8,96
2150,0,858.09,0,8.73,24.39,84.3,96
2151,0,881.71,0,8.718,23.695,83.9,96
2152,0,905.33,0,8.706,23,83.7,96
2153,0,928.95,0,8.694,22.305,83,96
2154,0,957.44,0,8.682,21.696,82.5,96
2155,0,985.92,0,8.67,21.087,82.2,96
2156,0,1014.4,0,8.658,20.478,81.7,96
2157,0,956.19,0,8.646,22.385,81.9,96
2158,0,897.96,0,8.634,24.291,81.4,96
2159,0,889.81,0,8.622,25.005,80.7,96
2160,0,881.66,0,8.61,25.718,81.2,96
2161,0,873.51,0,8.6008,26.432,80.6,96
2162,0,675.54,0,8.5917,24.579,80.6,96
2163,0,477.56,0,8.5825,22.727,79.6,96
2164,0,499.3,0,8.5733,21.104,79.8,96
2165,0,521.03,0,8.5642,19.481,79,96
2166,0,542.77,0,8.555,17.857,79.6,96
2167,0,605.29,0,8.5458,18.922,78.6,96
2168,0,667.82,0,8.5367,19.987,79.2,95
2169,0,730.34,0,8.5275,21.053,78.9,95
2170,0,744.44,0,8.5183,21.442,78.9,95
2171,0,758.53,0,8.5092,21.832,77.9,95
2172,0,772.63,0,8.5,22.222,77.6,95
2173,0,820.65,0,8.4908,22.922,77.6,95
2174,0,868.67,0,8.4817,23.622,77.5,95
2175,0,957.61,0,8.4725,23.911,77.9,95
2176,0,1046.5,0,8.4633,24.201,77.7,95
2177,0,1135.5,0,8.4542,24.49,77,95
2178,0,1107.8,0,8.445,24.197,77.4,95
2179,0,1080,0,8.4358,23.904,77.4,95
2180,0,897.44,0,8.4267,23.289,76.6,95
2181,0,714.82,0,8.4175,22.674,77.1,95
2182,0,532.21,0,8.4083,22.059,76.7,95
2183,0,952.59,0,8.3992,27.158,76.6,95
2184,0,1373,0,8.39,32.258,77,95
2185,0,1130.3,0,8.3808,29.168,76.5,95
2186,0,887.68,0,8.3717,26.078,76.2,95
2187,0,645.03,0,8.3625,22.989,76.8,95
2188,0,749.2,0,8.3533,24.315,76.4,95
2189,0,853.38,0,8.3442,25.641,76.8,95
2190,0,735.6,0,8.335,25.532,76.5,96
2191,0,617.83,0,8.3258,25.424,76,96
2192,0,675.51,0,8.3167,23.519,75.8,96
2193,0,733.19,0,8.3075,21.614,75.5,95
2194,0,790.87,0,8.2983,19.709,75.3,96
2195,0,848.55,0,8.2892,17.804,75,96
2196,0,823.1,0,8.28,17.822,76,96
2197,0,797.64,0,8.2708,17.839,77,96
2198,0,772.19,0,8.2617,17.857,78,96
2199,0,656.01,0,8.2525,17.606,77.3,96
2200,0,539.83,0,8.2433,17.356,76.5,96
2201,0,423.65,0,8.2342,17.105,75.8,96
2202,0,307.47,0,8.225,16.854,75,96
2203,0,558.79,0,8.2158,17.925,74.7,96
2204,0,810.11,0,8.2067,18.996,74.3,96
2205,0,1061.4,0,8.1975,20.067,74,96
2206,0,797.35,0,8.1883,21.44,74.5,96
2207,0,533.26,0,8.1792,22.814,75,96
2208,0,526.54,0,8.17,20.937,75,96
2209,0,519.81,0,8.1608,19.06,75,96
2210,0,513.08,0,8.1517,17.183,75,95
2211,0,506.36,0,8.1425,15.306,75,95
2212,0,690.16,0,8.1333,16.574,74.3,95
2213,0,873.97,0,8.1242,17.841,73.7,94
2214,0,1057.8,0,8.115,19.108,73,94
2215,0,863.05,0,8.1058,21.628,74.7,94
2216,0,668.34,0,8.0967,24.147,76.3,94
2217,0,473.62,0,8.0875,26.667,78,94
2218,0,536.54,0,8.0783,24.422,78.3,94
2219,0,599.46,0,8.0692,22.178,78.7,94
2220,0,662.38,0,8.06,19.934,79,94
2221,0,698.99,0,8.0548,20.383,77,94
2222,0,735.61,0,8.0497,20.833,75,94
2223,0,718.32,0,8.0445,20.833,75,94
2224,0,701.04,0,8.0393,20.833,75,95
2225,0,683.75,0,8.0342,20.833,75,95
2226,0,612.48,0,8.029,20.692,76,95
2227,0,541.21,0,8.0238,20.55,77,95
2228,0,469.95,0,8.0187,20.408,78,95
2229,0,511.08,0,8.0135,19.592,76.5,95
2230,0,552.22,0,8.0083,18.776,75,95
2231,0,593.36,0,8.0032,17.959,73.5,95
2232,0,634.5,0,7.998,17.143,72,95
2233,0,737.69,0,7.9928,18.118,71.7,95
2234,0,840.87,0,7.9877,19.092,71.3,95
2235,0,944.06,0,7.9825,20.067,71,95
2236,0,836.14,0,7.9773,19.727,73,95
2237,0,728.23,0,7.9722,19.387,75,95
2238,0,620.31,0,7.967,19.048,77,95
2239,0,629.17,0,7.9618,18.815,74,95
2240,0,638.04,0,7.9567,18.582,71,95
2241,0,646.9,0,7.9515,18.349,68,95
2242,0,697.56,0,7.9463,17.511,69.3,95
2243,0,748.22,0,7.9412,16.674,70.5,95
2244,0,798.88,0,7.936,15.837,71.8,95
2245,0,849.54,0,7.9308,15,73,95
2246,0,873.3,0,7.9257,15.394,74,95
2247,0,897.06,0,7.9205,15.787,75,95
2248,0,920.83,0,7.9153,16.181,76,95
2249,0,944.59,0,7.9102,16.575,77,95
2250,0,825.18,0,7.905,15.764,75.3,95
2251,0,705.77,0,7.8998,14.954,73.5,95
2252,0,586.37,0,7.8947,14.144,71.8,95
2253,0,466.96,0,7.8895,13.333,70,95
2254,0,488.42,0,7.8843,13.438,69.2,95
2255,0,509.88,0,7.8792,13.543,68.4,95
2256,0,531.34,0,7.874,13.647,67.6,96
2257,0,552.8,0,7.8688,13.752,66.8,96
2258,0,574.26,0,7.8637,13.857,66,96
2259,0,564.86,0,7.8585,14.042,66,96
2260,0,555.46,0,7.8533,14.228,66,96
2261,0,546.06,0,7.8482,14.413,66,96
2262,0,536.66,0,7.843,14.599,66,96
2263,0,471.09,0,7.8378,16.143,67,95
2264,0,405.52,0,7.8327,17.687,68,95
2265,0,339.94,0,7.8275,19.231,69,95
2266,0,431.91,0,7.8223,18.809,70,95
2267,0,523.89,0,7.8172,18.386,71,95
2268,0,615.86,0,7.812,17.964,72,95
2269,0,650.14,0,7.8068,17.924,72,94
2270,0,684.43,0,7.8017,17.884,72,95
2271,0,718.71,0,7.7965,17.844,72,95
2272,0,753,0,7.7913,17.804,72,95
2273,0,668.44,0,7.7862,17.26,71,95
2274,0,583.88,0,7.781,16.716,70,95
2275,0,499.33,0,7.7758,16.173,69,95
2276,0,490.44,0,7.7707,16.607,69.3,95
2277,0,481.56,0,7.7655,17.041,69.5,95
2278,0,472.68,0,7.7603,17.476,69.8,95
2279,0,463.8,0,7.7552,17.91,70,95
2280,0,463.14,0,7.75,18.351,69,95
2281,0,462.48,0,7.7435,18.791,68,95
2282,0,461.83,0,7.737,19.231,67,95
2283,0,364.03,0,7.7305,18.9,67.7,95
2284,0,266.24,0,7.724,18.568,68.3,95
2285,0,168.45,0,7.7175,18.237,69,95
2286,0,236.88,0,7.711,17.976,68.8,95
2287,0,305.31,0,7.7045,17.715,68.5,95
2288,0,373.74,0,7.698,17.453,68.3,95
2289,0,442.16,0,7.6915,17.192,68,95
2290,0,489.28,0,7.685,17.192,67.7,95
2291,0,536.4,0,7.6785,17.192,67.3,95
2292,0,583.52,0,7.672,17.192,67,94
2293,0,607.4,0,7.6655,17.731,67.7,94
2294,0,631.28,0,7.659,18.27,68.3,94
2295,0,655.16,0,7.6525,18.809,69,94
2296,0,643.76,0,7.646,18.949,68.3,94
2297,0,632.35,0,7.6395,19.09,67.7,95
2298,0,620.94,0,7.633,19.231,67,95
2299,0,656.79,0,7.6265,19.623,68.3,95
2300,0,692.63,0,7.62,20.016,69.7,94
2301,0,728.48,0,7.6135,20.408,71,94
2302,0,672.87,0,7.607,20.228,70.3,93
2303,0,617.26,0,7.6005,20.048,69.7,93
2304,0,561.65,0,7.594,19.868,69,94
2305,0,530.58,0,7.5875,21.058,68.3,94
2306,0,499.51,0,7.581,22.248,67.7,94
2307,0,468.43,0,7.5745,23.438,67,95
2308,0,706.13,0,7.568,24.539,70.5,95
2309,0,943.82,0,7.5615,25.641,74,95
2310,0,852.78,0,7.555,23.296,74,94
2311,0,761.74,0,7.5485,20.951,74,94
2312,0,670.7,0,7.542,18.605,74,94
2313,0,579.66,0,7.5355,16.26,74,94
2314,0,617.16,0,7.529,17.271,73.7,94
2315,0,654.65,0,7.5225,18.282,73.3,94
2316,0,692.14,0,7.516,19.293,73,94
2317,0,742.47,0,7.5095,19.016,73.7,94
2318,0,792.79,0,7.503,18.739,74.3,94
2319,0,843.11,0,7.4965,18.462,75,94
2320,0,793.6,0,7.49,19.425,75.3,94
2321,0,744.08,0,7.4835,20.389,75.7,94
2322,0,694.56,0,7.477,21.352,76,95
2323,0,633.2,0,7.4705,20.228,76,95
2324,0,571.83,0,7.464,19.103,76,95
2325,0,510.47,0,7.4575,17.979,76,95
2326,0,449.1,0,7.451,16.854,76,95
2327,0,647.82,0,7.4445,16.73,74.7,95
2328,0,846.54,0,7.438,16.607,73.3,95
2329,0,1045.3,0,7.4315,16.484,72,95
2330,0,940.88,0,7.425,16.867,72.8,95
2331,0,836.51,0,7.4185,17.251,73.5,95
2332,0,732.13,0,7.412,17.634,74.3,95
2333,0,627.76,0,7.4055,18.018,75,96
2334,0,594.38,0,7.399,18,74.7,97
2335,0,561,0,7.3925,17.982,74.3,97
2336,0,527.61,0,7.386,17.964,74,97
2337,0,521.8,0,7.3795,17.505,72.8,97
2338,0,515.98,0,7.373,17.047,71.5,97
2339,0,510.16,0,7.3665,16.588,70.3,97
2340,0,504.34,0,7.36,16.129,69,97
2341,0,483.51,0,7.3562,16.173,70.7,97
2342,0,462.68,0,7.3523,16.216,72.3,97
2343,0,441.86,0,7.3485,16.26,74,97
2344,0,463,0,7.3447,16.741,73.5,97
2345,0,484.14,0,7.3408,17.221,73,96
2346,0,505.28,0,7.337,17.701,72.5,96
2347,0,526.42,0,7.3332,18.182,72,96
2348,0,527.52,0,7.3293,18.722,71.3,96
2349,0,528.62,0,7.3255,19.262,70.7,96
2350,0,529.73,0,7.3217,19.802,70,96
2351,0,686.21,0,7.3178,19.89,70.7,96
2352,0,842.69,0,7.314,19.979,71.3,96
2353,0,999.17,0,7.3102,20.067,72,96
2354,0,813.87,0,7.3063,20.089,72.7,96
2355,0,628.58,0,7.3025,20.112,73.3,96
2356,0,443.28,0,7.2987,20.134,74,96
2357,0,550.67,0,7.2948,19.025,74,96
2358,0,658.05,0,7.291,17.916,74,95
2359,0,765.44,0,7.2872,16.807,74,95
2360,0,667,0,7.2833,17.494,74.7,95
2361,0,568.56,0,7.2795,18.181,75.3,95
2362,0,470.12,0,7.2757,18.868,76,95
2363,0,503.84,0,7.2718,18.642,76.8,95
2364,0,537.56,0,7.268,18.416,77.5,95
2365,0,571.28,0,7.2642,18.19,78.3,95
2366,0,605,0,7.2603,17.964,79,96
2367,0,590.62,0,7.2565,18.207,78,96
2368,0,576.25,0,7.2527,18.449,77,96
2369,0,561.88,0,7.2488,18.692,76,96
2370,0,547.27,0,7.245,18.258,75.3,96
2371,0,532.67,0,7.2412,17.825,74.7,96
2372,0,518.06,0,7.2373,17.391,74,96
2373,0,708.48,0,7.2335,18.217,74.3,96
2374,0,898.9,0,7.2297,19.042,74.7,97
2375,0,1089.3,0,7.2258,19.868,75,97
2376,0,1011.3,0,7.222,19.618,75.3,97
2377,0,933.38,0,7.2182,19.368,75.5,97
2378,0,855.41,0,7.2143,19.118,75.8,97
2379,0,777.44,0,7.2105,18.868,76,97
2380,0,741.23,0,7.2067,17.389,76.4,97
2381,0,705.02,0,7.2028,15.91,76.8,96
2382,0,668.81,0,7.199,14.431,77.2,96
2383,0,632.6,0,7.1952,12.951,77.6,96
2384,0,596.39,0,7.1913,11.472,78,95
2385,0,533.46,0,7.1875,12.364,77.5,96
2386,0,470.54,0,7.1837,13.255,77,96
2387,0,407.61,0,7.1798,14.146,76.5,96
2388,0,344.68,0,7.176,15.038,76,96
2389,0,426.8,0,7.1722,16.049,75.3,96
2390,0,508.93,0,7.1683,17.061,74.7,97
2391,0,591.06,0,7.1645,18.072,74,97
2392,0,603.71,0,7.1607,18.921,74,97
2393,0,616.36,0,7.1568,19.77,74,97
2394,0,629,0,7.153,20.619,74,97
2395,0,554.31,0,7.1492,21.018,74,97
2396,0,479.62,0,7.1453,21.418,74,97
2397,0,404.93,0,7.1415,21.818,74,97
2398,0,340.91,0,7.1377,21.538,74.7,97
2399,0,276.89,0,7.1338,21.259,75.3,97
2400,0,212.87,0,7.13,20.979,76,97